Date,Name,Year,Letterboxd URI
2023-08-22,Fire of Love,2022,https://boxd.it/yoPY
2023-08-22,Burning,2018,https://boxd.it/hHUa
2023-08-22,The Darjeeling Limited,2007,https://boxd.it/24as
2023-08-22,The Color of Pomegranates,1969,https://boxd.it/1u94
2023-08-22,Moon,2009,https://boxd.it/1IGQ
2023-08-22,Incendies,2010,https://boxd.it/Msm
2023-08-22,The Death of Stalin,2017,https://boxd.it/ea9Y
2023-08-22,Short Term 12,2013,https://boxd.it/5f6s
2023-08-22,The Square,2017,https://boxd.it/e5YW
2023-08-22,My Octopus Teacher,2020,https://boxd.it/prk2
2023-08-22,eXistenZ,1999,https://boxd.it/27Ni
2023-08-22,25th Hour,2002,https://boxd.it/28LC
2023-08-23,Saturday Fiction,2019,https://boxd.it/hXmo
2023-08-23,8½,1963,https://boxd.it/2aqm
2023-08-25,Good Time,2017,https://boxd.it/fcFu
2023-08-25,Seconds,1966,https://boxd.it/1Dbe
2023-08-25,The Quiet Girl,2022,https://boxd.it/yvgm
2023-08-25,Cosmopolis,2012,https://boxd.it/H4O
2023-08-25,Demonlover,2002,https://boxd.it/1xz0
2023-08-25,"Wax, or The Discovery of Television Among the Bees",1991,https://boxd.it/une
2023-08-25,The Spy Who Dumped Me,2018,https://boxd.it/geEg
2023-08-25,The Heat,2013,https://boxd.it/4p9a
2023-08-25,The Birdcage,1996,https://boxd.it/1UTi
2023-08-26,Deep Cover,1992,https://boxd.it/1D5g
2023-08-27,36,2012,https://boxd.it/4rrU
2023-08-27,Microhabitat,2017,https://boxd.it/hn9o
2023-08-27,"Right Now, Wrong Then",2015,https://boxd.it/bWs4
2023-08-27,God's Crooked Lines,2022,https://boxd.it/xEUS
2023-08-27,The Loft,2014,https://boxd.it/2nwM
2023-08-27,In the Mood for Love,2000,https://boxd.it/29tE
2023-08-27,The Day He Arrives,2011,https://boxd.it/31L8
2023-08-27,A Touch of Sin,2013,https://boxd.it/5Fvo
2023-08-28,Reign of Fire,2002,https://boxd.it/21QA
2023-08-29,Dead Men Don't Wear Plaid,1982,https://boxd.it/1YFE
2023-08-29,Submarine,2010,https://boxd.it/H4a
2023-08-29,Zero Effect,1998,https://boxd.it/1KIO
2023-08-29,There's Something About Mary,1998,https://boxd.it/2aae
2023-08-29,Reality Bites,1994,https://boxd.it/26iI
2023-08-29,The Minus Man,1999,https://boxd.it/1Buy
2023-08-29,Wild at Heart,1990,https://boxd.it/2aii
2023-08-30,You Are So Not Invited to My Bat Mitzvah,2023,https://boxd.it/BMeI
2023-09-03,The Words,2012,https://boxd.it/2Wpw
2023-09-03,Fool's Paradise,2023,https://boxd.it/kdC2
2023-09-06,This Is Where I Leave You,2014,https://boxd.it/73kQ
2023-09-06,Hostiles,2017,https://boxd.it/dpiO
2023-09-06,Werewolves Within,2021,https://boxd.it/u8fC
2023-09-06,Prisoners,2013,https://boxd.it/4E5i
2023-09-09,Master and Commander: The Far Side of the World,2003,https://boxd.it/200S
2023-09-09,Seven Psychopaths,2012,https://boxd.it/34PW
2023-09-09,Dog Day Afternoon,1975,https://boxd.it/29bg
2023-09-09,Detachment,2011,https://boxd.it/2BiY
2023-09-09,Dogtooth,2009,https://boxd.it/158K
2023-09-09,The Killing of a Sacred Deer,2017,https://boxd.it/dZ5G
2023-09-10,20th Century Girl,2022,https://boxd.it/w9ea
2023-09-10,Lady Vengeance,2005,https://boxd.it/248G
2023-09-10,The Man with Two Brains,1983,https://boxd.it/1TtI
2023-09-10,Dr. Strangelove or: How I Learned to Stop Worrying and Love the Bomb,1964,https://boxd.it/29eY
2023-09-17,Miracle,2004,https://boxd.it/1OmM
2023-10-15,The Terrorist,1994,https://boxd.it/34PM
2023-10-15,The Street Player,1983,https://boxd.it/7EvQ
2023-10-29,Killers of the Flower Moon,2023,https://boxd.it/gHp0
2023-11-05,License to Wed,2007,https://boxd.it/264m
2023-11-19,A Cold Wind in August,1961,https://boxd.it/5fcU
2023-12-02,On the Beach at Night Alone,2017,https://boxd.it/fqEK
2023-12-02,The Tale of the Princess Kaguya,2013,https://boxd.it/4JQI
2023-12-18,The Book of Clarence,2023,https://boxd.it/ASQ2
2023-12-30,Arthur the King,2024,https://boxd.it/mSJ8
2024-01-02,The Double Life of Véronique,1991,https://boxd.it/28va
2024-01-02,The Secret in Their Eyes,2009,https://boxd.it/1vWw
2024-01-02,A Prophet,2009,https://boxd.it/1BGE
2024-01-02,The Band's Visit,2007,https://boxd.it/239I
2024-01-02,Silent Light,2007,https://boxd.it/27Ds
2024-01-05,Infernal Affairs,2002,https://boxd.it/1Vqw
2024-01-05,The Firm,1993,https://boxd.it/18JY
2024-01-05,My Big Fat Greek Wedding,2002,https://boxd.it/20k4
2024-01-05,Real Steel,2011,https://boxd.it/147m
2024-01-05,Repo Men,2010,https://boxd.it/1icK
2024-01-07,Withnail & I,1987,https://boxd.it/1Qa4
2024-01-30,The Zone of Interest,2023,https://boxd.it/gJsA
2024-01-30,Poor Things,2023,https://boxd.it/tNWU
2024-01-30,All of Us Strangers,2023,https://boxd.it/Bz3C
2024-01-30,American Fiction,2023,https://boxd.it/DYHm
2024-01-30,Lost in Manboo,2015,https://boxd.it/o8qy
2024-01-30,Yi Yi,2000,https://boxd.it/1vCw
2024-02-24,The Best of Youth,2003,https://boxd.it/1Tje
2024-03-13,To Catch a Thief,1955,https://boxd.it/2avm
