user_id,playlist_owner,playlist_id,playlist_name,playlist_desc,playlist_art,track_count,is_collab,is_public
1292707055,Matthew Flathers,6qSf3HCB8mqI2F5V89kobl,(Apr 24),,https://mosaic.scdn.co/640/ab67616d00001e025d35f55332b8f71cec0ee929ab67616d00001e028e06645a182fa38241393758ab67616d00001e02ced40e097cea2128161aa9f9ab67616d00001e02fdc4ef60196340e75ea4da13,38,FALSE,TRUE
1292707055,Matthew Flathers,4pzU2xlYrU8KBQWwGGNebV,Rummage (Dec 23),,https://image-cdn-ak.spotifycdn.com/image/ab67706c0000da842abb7df974fe8f404acbd135,57,FALSE,TRUE
1292707055,Matthew Flathers,7GLcUtA9PartRciHqKbBlY,Preen (Dec 22),,https://image-cdn-ak.spotifycdn.com/image/ab67706c0000da849e055ef10aae7b001efda5b4,65,FALSE,TRUE
1292707055,Matthew Flathers,6HZ5rJlqTS9roPwALSswHy,Southborough (Dec 21),,https://image-cdn-ak.spotifycdn.com/image/ab67706c0000da841f0bd338adedc6b4719561a6,51,FALSE,TRUE
1292707055,Matthew Flathers,5LihxA27aZE6JA7t89TNSk,Ergatta (Dec 20),,https://image-cdn-ak.spotifycdn.com/image/ab67706c0000da845814fc2483e3d5c0c7870e97,82,FALSE,TRUE
1292707055,Matthew Flathers,3WZfxTrr9aB6XWMmK9O8pO,Validation (Dec 19),,https://image-cdn-ak.spotifycdn.com/image/ab67706c0000da846aabaf19f42f7f01322d7de7,54,FALSE,TRUE
1292707055,Matthew Flathers,2szcovXkkXIaLexppzFp36,My Twenty-Something Angst Renaissance,,https://image-cdn-ak.spotifycdn.com/image/ab67706c0000da84cd5d7acea98297af77047b25,116,FALSE,TRUE
1292707055,Matthew Flathers,5dSSoKT4XixyrMAfghFEnj,Green,,https://image-cdn-ak.spotifycdn.com/image/ab67706c0000da84f4597cdd4a269b2d6b99cb6b,45,FALSE,TRUE
1292707055,Matthew Flathers,3fq86UjfF4WxotFcGlpJtx,Severance,Songs I liked from the TV Show Severance,https://image-cdn-ak.spotifycdn.com/image/ab67706c0000da84fb60a39a288da9b8eeefd469,13,FALSE,TRUE
1292707055,Matthew Flathers,1AY0irxDDLxcBBCCT8iXJA,An Afternoon Walk Through The Fields,,https://mosaic.scdn.co/640/ab67616d00001e027105f9660776b78725524aaeab67616d00001e02987738a636d3639c14f104d5ab67616d00001e02d9cc6f9254286e5466797ea8ab67616d00001e02e1101c867f96b1ad292b76f0,26,FALSE,TRUE
1292707055,Matthew Flathers,22Wjt5DIrZx4ikNaLlxLJS,Walking With Excessive Swagger,,https://mosaic.scdn.co/640/ab67616d00001e023e52421c4bce16375239d18aab67616d00001e0291de01c0b193ea2d021bb739ab67616d00001e02bb2fccfc1c079ec32e9b817dab67616d00001e02cbd56adf3064a9e24b3043f2,34,FALSE,TRUE
1292707055,Matthew Flathers,1NGfZqPzrblhmia213EKlF,Day by Day,,https://mosaic.scdn.co/640/ab67616d00001e02361d711120142f467651a312ab67616d00001e0239db02441cc4a007b5d4b19aab67616d00001e02a11836a7fba42955bbbc52d6ab67616d00001e02f8f8c708895f15a065da05f1,9,FALSE,TRUE
1292707055,Matthew Flathers,4jA6xYr7UezbcC7oTXTYGH,Oldies But Goodies,,https://image-cdn-ak.spotifycdn.com/image/ab67706c0000da8414b90b203450b441876795c2,641,FALSE,TRUE
1292707055,Matthew Flathers,5xIcRKoGW1i7wPpFMYHRe8,No Lifeguard On Duty,,https://image-cdn-ak.spotifycdn.com/image/ab67706c0000da8446b6914af23bc732de06fe02,68,FALSE,TRUE
1292707055,Matthew Flathers,6tktp5UMdkfjdqV6JHeogD,Jigs,,https://image-cdn-ak.spotifycdn.com/image/ab67706c0000da8457eeddd97cdb5e472050c0a2,8,FALSE,TRUE
1292707055,Matthew Flathers,69kwjvGRsseyYZfi7zmWRd,Mind Rile,,https://mosaic.scdn.co/640/ab67616d00001e021e240c89392460689b7615a3ab67616d00001e02339ebc222f40011d23f6d6d5ab67616d00001e0236535da03cd8bb08d73d229fab67616d00001e024462e8a48a0d5b0b5235b3bc,10,FALSE,TRUE
1292707055,Matthew Flathers,6Sykp1DG0MklM2Av5JUf9t,Sweet Male Vocals,,https://mosaic.scdn.co/640/ab67616d00001e020d1f3930676c34a23dbf5c46ab67616d00001e0238d030048ec770b15633dbc1ab67616d00001e023e21a8c14f533edf876be407ab67616d00001e02500f0405c1d3feb14d62849c,19,FALSE,TRUE
1292707055,Matthew Flathers,66LjvQ6RjLk7XOq93sTsYM,Smoking in the VIP,,https://image-cdn-ak.spotifycdn.com/image/ab67706c0000da84e3e2983b5a07681aa088cf8b,64,FALSE,TRUE
1292707055,Matthew Flathers,6mLJrpw1by2xESw3YkLKt6,California,,https://mosaic.scdn.co/640/ab67616d00001e0281727cf46d21d415690a743dab67616d00001e029f87022283eaf4f568bc07ecab67616d00001e02ac1852a300eba80fe36866f4ab67616d00001e02debb87c6f047e333a08d56d5,92,FALSE,TRUE
1292707055,Matthew Flathers,0cAkw6qxOToY0qXYJoAXlj,Erging,,https://mosaic.scdn.co/640/ab67616d00001e020bdce92b421de6bcd077fb80ab67616d00001e0244d00862678c1942a252b426ab67616d00001e02c4452b9f9d1435f2e85cf472ab67616d00001e02f8f8c708895f15a065da05f1,50,FALSE,TRUE
1292707055,Matthew Flathers,61S6jUNHFeKjktgHoRtto6,Turkish,,https://mosaic.scdn.co/640/ab67616d00001e024f806bc070195c0f3c73858bab67616d00001e02cd31e58b727e5443cbef58ceab67616d00001e02da51d200fd677c8188f4ac67ab67616d00001e02fa528c2c16ada77398a5790e,87,FALSE,TRUE
1292707055,Matthew Flathers,34lSKciQrMJvc7DvYZkuC3,Spring Weekend 2019,,https://mosaic.scdn.co/640/ab67616d00001e023138f891f3075c9c5d944037ab67616d00001e0251e723a54b90b8cd9de18cdeab67616d00001e02c428f67b4a9b7e1114dfc117ab67616d00001e02e6eb6a66ed4426f5cb6c4d9a,50,FALSE,TRUE
1292707055,Matthew Flathers,6LKA3SaL7KjwFWdXc523cD,Grief,,https://image-cdn-ak.spotifycdn.com/image/ab67706c0000da841be851913b4ccfe213cc0b25,39,FALSE,TRUE
1292707055,Matthew Flathers,7KK2xvRQYL4dKnPdfB0X1U,Her,,https://mosaic.scdn.co/640/ab67616d00001e020281c1e15dadbb7890ff158dab67616d00001e023349d534142b3e331ea87659ab67616d00001e0278bff419e5eef1258f07aaa7ab67616d00001e02e7dd69ac32cf313fde62cbad,25,FALSE,TRUE
1292707055,Matthew Flathers,69FROxLrWW5rtuOeMC8K2H,Steel Wool,,https://mosaic.scdn.co/640/ab67616d00001e0207a1897752cd38db3e9e43f3ab67616d00001e028303aa866967b0d7e0ec4955ab67616d00001e029bb74b4058c40a59fd33bf26ab67616d00001e02fc86b19ec17415320efea30c,26,FALSE,TRUE
1292707055,Matthew Flathers,4YueASWHU8bdVSvTW7QUdE,Ski Mountain in the Summer,,https://mosaic.scdn.co/640/ab67616d00001e024e13625fe77e851707dc670cab67616d00001e02656f6f77c55dcdecf8c26f75ab67616d00001e02b26bf9284ecd025405554197ab67616d00001e02e1101c867f96b1ad292b76f0,4,FALSE,TRUE
1292707055,Matthew Flathers,4PlkKIYHhpfROgx9wJt9m3,"Yeah I'm Weird, Deal With It",,https://mosaic.scdn.co/640/ab67616d00001e02028c3bb4b81ee71dd73d1596ab67616d00001e024adbeb26299adca766cec2c5ab67616d00001e027582716b3666a5235d5af4eaab67616d00001e02ec3d15eab5bd77027abc4b23,50,FALSE,TRUE
1292707055,Matthew Flathers,0jwssnbSWkQWPRbM2HNdjT,Way Underplayed,,https://mosaic.scdn.co/640/ab67616d00001e0227c4e28caac789aedc161e5bab67616d00001e02869bc39972763bfdfbf6a605ab67616d00001e02ba8a953a364ee630e9207071ab67616d00001e02cb742189075061999d9a17e2,33,FALSE,TRUE
1292707055,Matthew Flathers,6bo4DYyTatNpRpNjaSnqqr,Who Am I,,https://image-cdn-ak.spotifycdn.com/image/ab67706c0000da84072cf44529feffa8b0feaa60,14,FALSE,TRUE
1292707055,Matthew Flathers,7a6Y0dEYmdzD36hvKY5gZu,Oh God Another Song? (Nov 2018 - Mar 2019),,https://mosaic.scdn.co/640/ab67616d00001e02005132ebc7693fd385bb8058ab67616d00001e027582716b3666a5235d5af4eaab67616d00001e02ec3d15eab5bd77027abc4b23ab67616d00001e02f379fc9f6a7ad7c248035243,531,FALSE,TRUE
1292707055,Matthew Flathers,6LI3wad7erpll4wMSkc6xH,The Heartbreak You Deserve,,https://mosaic.scdn.co/640/ab67616d00001e023e42854096da9a3b1ca901c9ab67616d00001e02b526ba531c80ed208cd428edab67616d00001e02bd02d63417be256b22bffc28ab67616d00001e02dd0a40eecd4b13e4c59988da,30,FALSE,TRUE
1292707055,Matthew Flathers,478e6W5jBzqXnkHY0Rxqv6,Schizo,,https://mosaic.scdn.co/640/ab67616d00001e023c65085a58aae2cccd892cbeab67616d00001e028aa545a0ea869940cce358b5ab67616d00001e0290b4cf8fa286aa50cebf2a4eab67616d00001e02bc9e3b023cf66fd1e9aae44c,42,FALSE,TRUE
1292707055,Matthew Flathers,5BwdgJVLkGZTm48PFeS0MN,ups final day,,https://mosaic.scdn.co/640/ab67616d00001e022242d7e703f7194c4446d0fcab67616d00001e026effa8520bc566806f680860ab67616d00001e02d35eb81a2577dbdde12dd985ab67616d00001e02d785fa246cca092598fe3c3b,65,FALSE,TRUE
1292707055,Matthew Flathers,1FpcIJ3HSQfA0xHjQk68j7,Pallor (Mar 24),,https://image-cdn-ak.spotifycdn.com/image/ab67706c0000da84f49466ed22f1a6493aab2493,75,FALSE,TRUE
1292707055,Matthew Flathers,7kfIb55GipBoCousvp8aFc,Debt (Nov 23),,https://image-cdn-ak.spotifycdn.com/image/ab67706c0000da849eab9bfbb254b27e4ab276aa,32,FALSE,TRUE
1292707055,Matthew Flathers,6TSzroZ8kXyoo8Dff1cmzG,Smoked (Nov 22),,https://image-cdn-ak.spotifycdn.com/image/ab67706c0000da8435078ef9b1d585062bd546d0,47,FALSE,TRUE
1292707055,Matthew Flathers,7Cowri1nXu2YEToEAU0qtr,Stagnate (Nov 21),,https://image-cdn-ak.spotifycdn.com/image/ab67706c0000da84f209861323b9b547e9483bbd,52,FALSE,TRUE
1292707055,Matthew Flathers,1acKExdBE55PwpE4yy3R6J,EatStreet (Nov 20),,https://image-cdn-ak.spotifycdn.com/image/ab67706c0000da84659e091ca924fb9b576b6bf0,86,FALSE,TRUE
1292707055,Matthew Flathers,3tx9lQyj33Npe0VGAmVHTx,Dapper (Nov 19),,https://image-cdn-fa.spotifycdn.com/image/ab67706c0000da843971877b15082d48aad761e1,57,FALSE,TRUE
1292707055,Matthew Flathers,3NTMuG81XJdGosarEThzDJ,"Emergency Exit, Alarm Will Sound",,https://image-cdn-ak.spotifycdn.com/image/ab67706c0000da84b400d46eebad790463707f07,35,FALSE,TRUE
1292707055,Matthew Flathers,4LMgntTP6vsjkiEvvlHAbj,Yellow,,https://image-cdn-ak.spotifycdn.com/image/ab67706c0000da846cad4745d0bf2594fb6687c6,74,FALSE,TRUE
1292707055,Matthew Flathers,4wsBIj6PQgvgNEdE2Ky8OT,The Young Pope,Songs I liked from the TV Show The Young Pope,https://image-cdn-ak.spotifycdn.com/image/ab67706c0000da84f2ac5a21e21a897c6e82a77b,17,FALSE,TRUE
1292707055,Matthew Flathers,35ZDFOdM7nIA2TyC8HwP2l,Country Pop,,https://mosaic.scdn.co/640/ab67616d00001e020429daba876ee55ad630212aab67616d00001e02121a8cd2ca5ea19cc5458065ab67616d00001e0222518642cedf0a572532db71ab67616d00001e02f0d9f552f55d802413da1002,22,FALSE,TRUE
1292707055,Matthew Flathers,1kxVDPLQ7kKdrlsXUXZO3x,"Looking For Trouble, The Good Kind",,https://mosaic.scdn.co/640/ab67616d00001e023117fa9784cd421f53fbd650ab67616d00001e023378545422c5257483f6230eab67616d00001e02ac4ebd092fa2cf210e4c8023ab67616d00001e02cdc1c4e033c17f75127f915d,27,FALSE,TRUE
1292707055,Matthew Flathers,36eFmsk4Dh3H4gG1glDmgi,"Pineapple Doesn't Belong on Pizza, But Here We Are Anyway","Pop Rock (Flor, Grizfolk, Bleachers, Bad Suns etc.)",https://mosaic.scdn.co/640/ab67616d00001e0215e850e14a3e43e9d39c0732ab67616d00001e0289a56c40880a68aa7ce0a97dab67616d00001e02b7f72643bf8a029abeacc5ddab67616d00001e02dca5c520ebc40dff24ec388d,95,FALSE,TRUE
1292707055,Matthew Flathers,7cz3lHw2sYTE0XiRZCMOd2,Old Like Fine Wine,,https://image-cdn-ak.spotifycdn.com/image/ab67706c0000da846f300be705a248257b6c136f,151,FALSE,TRUE
1292707055,Matthew Flathers,4PDyk7NBed4YsZZ9K2wyxy,Rusty Gears,,https://image-cdn-ak.spotifycdn.com/image/ab67706c0000da840391fee628c3bf37bda87af8,78,FALSE,TRUE
1292707055,Matthew Flathers,153e0IO1jGIbm1Yrn3C2ZZ,Bumps,,https://image-cdn-ak.spotifycdn.com/image/ab67706c0000da8480978ba3604b84bdf62027bb,137,FALSE,TRUE
1292707055,Matthew Flathers,42T3p0hFJslpXeYVOzAt8z,Electronic Hardon,,https://mosaic.scdn.co/640/ab67616d00001e02557adf6fe6e1f9c609f4357aab67616d00001e027cd9e9fd2cf8d3ac8df80fc9ab67616d00001e029cd0a4328101c8a169b661f5ab67616d00001e02c178bc743ede44675695f29b,28,FALSE,TRUE
1292707055,Matthew Flathers,0l4uQfEfEGvhgxJo5no8vT,Stress Relief,,https://mosaic.scdn.co/640/ab67616d00001e023bd4bab5cc949627341725a7ab67616d00001e027c7b0dad1938535e6229873dab67616d00001e02b75ef07e974ddbf301e0739fab67616d00001e02edeb043d1766ca0558851ed2,10,FALSE,TRUE
1292707055,Matthew Flathers,7ckvS6ztvfDuPirDw5TswJ,Pop on Rails,,https://image-cdn-fa.spotifycdn.com/image/ab67706c0000da84909b912ff31e5bce7920870e,44,FALSE,TRUE
1292707055,Matthew Flathers,0VYbOGpozExLy7Cj0sgp8S,The Birth of a Genre,,https://mosaic.scdn.co/640/ab67616d00001e02a19467a0f512538bd5f25d89ab67616d00001e02c31d3c870a3dbaf7b53186ccab67616d00001e02d81a092eb373ded457d94eecab67616d00001e02f6b9b62ea130943d371b69ef,41,FALSE,TRUE
1292707055,Matthew Flathers,1fRe1nMiw7nbPkazSpG3ok,Wisconsin,,https://mosaic.scdn.co/640/ab67616d00001e021c2b04012a9d77dc11a15639ab67616d00001e0234023e4b4b3112a815074f26ab67616d00001e027d0701ea942e183c1e59f102ab67616d00001e02dc581f7486de263268c6ae0d,50,FALSE,TRUE
1292707055,Matthew Flathers,4PLRFpb9iYYu2dvKUi5su9,Drugs,,https://mosaic.scdn.co/640/ab67616d00001e0298260c528e6eec9dd431c1d7ab67616d00001e02a51620472f83b0c29cd7d603ab67616d00001e02e7fb6172c06e19bbe4724f4fab67616d00001e02ece87e104c398a04b6058d36,4,FALSE,TRUE
1292707055,Matthew Flathers,26Kit4GjTDNQ5HUZ3VsVhr,Thai,,https://mosaic.scdn.co/640/ab67616d00001e021faaf9ab3c18169af62e95a4ab67616d00001e0222516ef5a6efffc26f1f07a8ab67616d00001e0262d2b5b74630810dc1f3c8d4ab67616d00001e02c1c1127e7f65a65267ea2e40,7,FALSE,TRUE
1292707055,Matthew Flathers,3I7FmvTQvJjPRkISDMOENR,Spring Weekend 2018,,https://mosaic.scdn.co/640/ab67616d00001e02040f399c7f5ad56a29ec9dd0ab67616d00001e02e8a627f6f15094b2eb0deba5ab67616d00001e02f8e77075414234fd77fce32bab67616d00001e02fdeac207b7369d188cb2221c,26,FALSE,TRUE
1292707055,Matthew Flathers,6MkFarvjlCiEzXrj6oENhG,Your Normal is My Normal,,https://mosaic.scdn.co/640/ab67616d00001e0270192b59de6ee306dcbf1fdaab67616d00001e0291a50cf7c36db278a9562a8fab67616d00001e029b1cdf139ca405e195b8b1c0ab67616d00001e02de0cd11d7b31c3bd1fd5983d,81,TRUE,TRUE
1292707055,Matthew Flathers,3dCXk9R0XCaDfuoEjpDCsQ,Harry Styles For Gabe,,https://i.scdn.co/image/ab67616d00001e0277fdcfda6535601aff081b6a,10,FALSE,TRUE
1292707055,Matthew Flathers,2Dx3hDobpQjBbdohx5gqNT,Warm Coals,,https://mosaic.scdn.co/640/ab67616d00001e0206b42768ebe736eec21336eaab67616d00001e0223d1582953fa34624d3169cbab67616d00001e02361d711120142f467651a312ab67616d00001e024ef406a0986177c43bd5fb07,41,TRUE,TRUE
1292707055,Matthew Flathers,2z1shQMtz8CkR9NbcmyWpe,Rubik's Cube Sex Toy,,https://mosaic.scdn.co/640/ab67616d00001e021d99f5402883ad273f45ebf8ab67616d00001e02475ca6e5c1ce0ef70740c3c6ab67616d00001e027b436d31c5ae44b334736619ab67616d00001e02d4a2f9a24620e329d2db7078,7,FALSE,TRUE
1292707055,Matthew Flathers,6PAUI5FX2ULmCgsux5XvWa,My Shazam Tracks,,https://mosaic.scdn.co/640/ab67616d00001e02153d79816d853f2694b2cc70ab67616d00001e02567a71695181017949f14f99ab67616d00001e0297beb3339bc68da91c76e18aab67616d00001e02cdcfaeab11454a21b88d3318,288,FALSE,TRUE
1292707055,Matthew Flathers,6xlZEAqWz7Ex20Qa9cbU5x,Album Art 👍🏼,,https://mosaic.scdn.co/640/ab67616d00001e022561bfe95a05d5f1b84156b0ab67616d00001e0226a4f7d627a698b541ff07a7ab67616d00001e0283cd9f1352bc315536480be6ab67616d00001e02fb742dfca1e97284a19730a2,77,FALSE,TRUE
1292707055,Matthew Flathers,6wnUVaYzMs3nunQ7kfoqAN,Sometimes You Can Judge a Book by its Covers,Well done covers. Some MAY be better than the original imo.,https://mosaic.scdn.co/640/ab67616d00001e02250d91f9b9c3918c668e167cab67616d00001e02b905a2b99e3510c2fd7d07c2ab67616d00001e02e7c654cc662add74a197865cab67616d00001e02f2d671c22b70e01b78a618a8,107,FALSE,TRUE
1292707055,Matthew Flathers,3TRtv3yxeUROHMZb4lUjs0,Famous People Talking,,https://mosaic.scdn.co/640/ab67616d00001e0245e851ac5d0cc844d54bf149ab67616d00001e027086b43c83a4623311bd9861ab67616d00001e029d99681f9e3f103427901ac5ab67616d00001e02e781eec559e222d4fba5af54,15,FALSE,TRUE
1292707055,Matthew Flathers,5gbOjC3pHtfYE7gT23ZSwO,What's Matt Thinking (Sep 2013 - Nov 2018),,https://mosaic.scdn.co/640/ab67616d00001e021570c324362cea41940c944fab67616d00001e027b0571f90fc7aae21b833571ab67616d00001e02d7f5afe93dd997671be4fa25ab67616d00001e02f068c47dc0c6da19f445070f,1500,FALSE,TRUE
1292707055,Matthew Flathers,4UUlGmofy1RCh4a9RnaCaW,Those Songs You Scream Dance and Cry to All at Once,,https://mosaic.scdn.co/640/ab67616d00001e0237fb0680110fbb107740de5dab67616d00001e02858352e304daf3588a315b54ab67616d00001e02a5acfd33d055ca075b829cc1ab67616d00001e02dd0a40eecd4b13e4c59988da,12,FALSE,TRUE
1292707055,Matthew Flathers,6Znl9SElpvy673bMZpRqvq,The World Has Two Poles...So Do I,,https://mosaic.scdn.co/640/ab67616d00001e021f0f700f01e0de3d73a8f4b4ab67616d00001e0274fefed78db6d6cf4d963fdcab67616d00001e02c08d5fa5c0f1a834acef5100ab67616d00001e02cace8130d6570006b636d582,39,FALSE,TRUE
1292707055,Matthew Flathers,0ZNAdHacwtC8Y7iZMZ3y8v,Current Favorites,,https://mosaic.scdn.co/640/ab67616d00001e02582d56ce20fe0146ffa0e5cfab67616d00001e026564e103fa54e98ee4118d6eab67616d00001e02c7c4b6611215f02779cb88f1ab67616d00001e02e6f1a60059162ce413fe0924,27,FALSE,TRUE
1292707055,Matthew Flathers,7GmIv9aiMRL2f7lphv0q9v,Delirium (Feb 24),,https://image-cdn-ak.spotifycdn.com/image/ab67706c0000da8498d76f12716bda4df5d0fe20,60,FALSE,TRUE
1292707055,Matthew Flathers,0uVjQLygZtBhC0roeLUe0j,Pity (Oct 23),,https://image-cdn-ak.spotifycdn.com/image/ab67706c0000da84ef9fe3e72c52aec4ca368962,45,FALSE,TRUE
1292707055,Matthew Flathers,0FQWpyhH2dyfUtuz5Ndme2,Salad Dressing (Oct 22),,https://image-cdn-ak.spotifycdn.com/image/ab67706c0000da84c9e29456e297fbf5fcaefdf6,83,FALSE,TRUE
1292707055,Matthew Flathers,4RWeqWsWSMGpmpl2osbNUJ,Reframe (Oct 21),,https://image-cdn-ak.spotifycdn.com/image/ab67706c0000da8493408d8a5296534a89836a82,64,FALSE,TRUE
1292707055,Matthew Flathers,7LuwrToy5gJ3d7uKSTnz6n,Overflow (Oct 20),,https://image-cdn-fa.spotifycdn.com/image/ab67706c0000da84686f0ceda7e3588e7f76f713,75,FALSE,TRUE
1292707055,Matthew Flathers,2upXaZj6G9KAnVmISCY4o8,Gin (Oct 19),,https://image-cdn-ak.spotifycdn.com/image/ab67706c0000da84c4b665cd6eb018576870e7e7,63,FALSE,TRUE
1292707055,Matthew Flathers,4qev3Fh6ZGQsBhWRKCTjNP,All Weather is Shorts Weather,,https://image-cdn-ak.spotifycdn.com/image/ab67706c0000da8440601b7f3fa37def9f66579d,79,FALSE,TRUE
1292707055,Matthew Flathers,4BeLgttjCMKJ6gVEsWpZFf,Orange,,https://image-cdn-ak.spotifycdn.com/image/ab67706c0000da8443b69f66cabf6ae4b26a7ded,70,FALSE,TRUE
1292707055,Matthew Flathers,1kFAlfgQA3wC6tsEqSt0Oe,Dollface,Songs I liked from the TV Show Dollface,https://image-cdn-ak.spotifycdn.com/image/ab67706c0000da843fea3565ca39406587577d15,25,FALSE,TRUE
1292707055,Matthew Flathers,2ZtfWG7gUPQWeicEACHqJQ,Farming Boots With The Tassels,,https://mosaic.scdn.co/640/ab67616d00001e0202476f097fd8a49e00f1959cab67616d00001e024dcf101b9169329cf61ef522ab67616d00001e028bd4a20032a613d28e909109ab67616d00001e029d1c9c227982746104ae76ec,26,FALSE,TRUE
1292707055,Matthew Flathers,5svcCcfdzTqYIQimtwKy0d,Going 80 in Suburbia,,https://image-cdn-ak.spotifycdn.com/image/ab67706c0000da844d69242223d4cc440cf18f73,21,FALSE,TRUE
1292707055,Matthew Flathers,4x367UX9LnCG4wrdmo2FhG,A Desert on the Coast,,https://image-cdn-ak.spotifycdn.com/image/ab67706c0000da8457d00bbfbf682639d8a69b55,22,FALSE,TRUE
1292707055,Matthew Flathers,16Sue0ex6FUX4QZ8Z97cE9,Sleazy Cheezy I'm So Easy,,https://image-cdn-ak.spotifycdn.com/image/ab67706c0000da84c976ddda342b005233ad887c,114,FALSE,TRUE
1292707055,Matthew Flathers,1kzszVCOzbjTsJBzrD0GhX,Me So Saxy,,https://mosaic.scdn.co/640/ab67616d00001e022168546c4aaf40a6d06b6cbaab67616d00001e0235959e2bc8a2c326d3a7ed21ab67616d00001e029bbe1280dbfa81392d90c1ddab67616d00001e02c136203bd19a1412c4d84278,24,FALSE,TRUE
1292707055,Matthew Flathers,1kmsbDnG0zclDGHaEYWV8b,piano music,,https://mosaic.scdn.co/640/ab67616d00001e02759eb3a3e0091f9afa18da31ab67616d00001e02b27025b3f345a34f7417dc11ab67616d00001e02c014890e8508f64ac7fad834ab67616d00001e02c3f61dcc906fb631e6da8365,29,FALSE,TRUE
1292707055,Matthew Flathers,0NvkotCyD0TOfl8Y68LU54,Outgrowing Astronaut Aspirations,,https://mosaic.scdn.co/640/ab67616d00001e0213c6cb6a81c8db4dbc8b9924ab67616d00001e02da2db3d10931497133fab5ebab67616d00001e02f860547bc8ba0c59df4fe2c3ab67616d00001e02fff2cb485c36a6d8f639bdba,44,FALSE,TRUE
1292707055,Matthew Flathers,3BZhOWCoEt6kAaGRITStCh,Fight Against Injustice,,https://mosaic.scdn.co/640/ab67616d00001e022e3d1de8b2f61a477ae1ed6cab67616d00001e023504664c17b7b99a3cb7d116ab67616d00001e02c79a70e8167cc1a4fab83781ab67616d00001e02d81a092eb373ded457d94eec,24,FALSE,TRUE
1292707055,Matthew Flathers,5M1MNEbysyXjKrKONIAuAr,1-100,,https://mosaic.scdn.co/640/ab67616d00001e024dd589bc587c850568ff3ea6ab67616d00001e029e899b4819317a6130328275ab67616d00001e02b5d9c8de465654c20d77305cab67616d00001e02cc8fa71a43ad87783b3f64be,84,FALSE,TRUE
1292707055,Matthew Flathers,43uOgHAFQjRXIpciMdU4iZ,Talkies,,https://mosaic.scdn.co/640/ab67616d00001e022d45fc79e950b7e99d40adaaab67616d00001e024cc6c9355e8936cb8d40e3b6ab67616d00001e025874248b6c16a5731d696b77ab67616d00001e02e7b112958ad704ac1a9d05fa,15,FALSE,TRUE
1292707055,Matthew Flathers,6KYvPbm63vwHGfWIopov5w,Italian,,https://mosaic.scdn.co/640/ab67616d00001e0210048646e41f422c04aaa435ab67616d00001e021a905b33d81c631fcae0e7a4ab67616d00001e023316884e3878a12d182c2b0bab67616d00001e02b4e17a5da17193b3c9d52d70,10,FALSE,TRUE
1292707055,Matthew Flathers,6qHYWu5cbXT5BZNTsJmAhS,Beach Road 2023,,https://image-cdn-ak.spotifycdn.com/image/ab67706c0000da84d194b95923553cf7abbfd116,32,FALSE,TRUE
1292707055,Matthew Flathers,0d9N1uQekIngntQrRaXcxN,Judith Likes,,https://mosaic.scdn.co/640/ab67616d00001e021cdcb771db172642d5251b20ab67616d00001e027563abd8344a283666509e75ab67616d00001e028d261c1cace3b6f33600b167ab67616d00001e02fd548961815d35297821a5be,11,FALSE,TRUE
1292707055,Matthew Flathers,12YEngXmGV0KIvV95RzZO7,"when they go low, we go high",,https://mosaic.scdn.co/640/ab67616d00001e021cdc7eab166fcbfcaf8be8f6ab67616d00001e026b18d0490878750cd69abf2cab67616d00001e026d87f7b4c9ef7218c07df53cab67616d00001e0272c9f7a7c75eba39726106a6,247,TRUE,TRUE
1292707055,Matthew Flathers,5Je39XDkuHkA7THcmcTAc6,1/31/2020,,https://mosaic.scdn.co/640/ab67616d00001e027e9b8f0a9e8a44d2f851fe30ab67616d00001e02c8ea65dc350c890d880f8452ab67616d00001e02fad2030980028fe205e408efab67616d00001e02fc86b19ec17415320efea30c,21,TRUE,TRUE
1292707055,Matthew Flathers,7fRV891rZWEGWazgSJ50vs,"If Call Me Maybe Was A Vagina, This Song Is a Penis",,https://mosaic.scdn.co/640/ab67616d00001e022a9c2510899c4bfa082e25f3ab67616d00001e023b97f1c9a0273bfbdc6bd791ab67616d00001e026052733814bd844a5955f1b1ab67616d00001e02818b236da473263fe30b0687,6,FALSE,TRUE
1292707055,Matthew Flathers,5Zw8GPnURj2JKLVvQYPihm,Mind Numbing,,https://mosaic.scdn.co/640/ab67616d00001e023d4c4f98c46de67b2d700ea5ab67616d00001e029ddcaf9e4b89b13c2a0d18daab67616d00001e02f20af84f025b9870f1877603ab67616d00001e02fe3951b474a76b0f25e3c760,71,FALSE,TRUE
1292707055,Matthew Flathers,0fMrjAeN7NqgeFOIRC3Q9C,The Orphanage,,https://mosaic.scdn.co/640/ab67616d00001e02588b07fde7427a6b8e2614feab67616d00001e0281beb382d066c4598f25f530ab67616d00001e02847030f89ac21a7595ab2200ab67616d00001e02aeb5527136789f928ea24c8f,60,FALSE,TRUE
1292707055,Matthew Flathers,6Q0mIcWraoBVeeUFkS9NTz,A Severe Case Of The Giggles,,https://mosaic.scdn.co/640/ab67616d00001e0252a98dc8201e2690cd57f655ab67616d00001e0267abe21b82ed0358f5b894d4ab67616d00001e02898bde79a78b84621621f8edab67616d00001e02e842b4a25d7465ff53b23a10,367,FALSE,TRUE
1292707055,Matthew Flathers,00fupJ7opZZNJi98qrZsBI,Professional Fast Talking (2015 - 2018),,https://mosaic.scdn.co/640/ab67616d00001e026ca5c90113b30c3c43ffb8f4ab67616d00001e027c22c8b9a5cfe27cd9914c4cab67616d00001e02c08d5fa5c0f1a834acef5100ab67616d00001e02eab40fc794b88b9d1e012578,362,FALSE,TRUE
1292707055,Matthew Flathers,1UdNWBpCk9gMX5ZUNWTXvG,My Life,,https://mosaic.scdn.co/640/ab67616d00001e0299bf7592dbb28cd3e6d4083bab67616d00001e02b8a474e75473891e7314121cab67616d00001e02c143b8172ccb7ac602cffec5ab67616d00001e02e59905eda642dbe5225feb61,103,FALSE,TRUE
1292707055,Matthew Flathers,7yNKpBQ0R00Tis5oCvqGpV,For the Invisible and Alone,,https://mosaic.scdn.co/640/ab67616d00001e021ca7ec58f9ab3f35e652016dab67616d00001e023fe6be0e190be43d854b879fab67616d00001e028dab6bee0b75789ef5557773ab67616d00001e02fc9f16b8adc62d3b316cb04f,46,FALSE,TRUE
1292707055,Matthew Flathers,4tlny384i2mKhBjTtgMRmU,Middle School Throwbackz,,https://mosaic.scdn.co/640/ab67616d00001e02484d121f0e2d2caf87d5d10bab67616d00001e02abeffe927a62a584cf7c2708ab67616d00001e02b1c48e4e64087ef3805dd407ab67616d00001e02fb87b874d265126523504ecd,125,FALSE,TRUE
1292707055,Matthew Flathers,0lWAFfA5dbOivvLBw3rnRS,Anniversary (Jan 24),,https://image-cdn-ak.spotifycdn.com/image/ab67706c0000da84fa602b964b60419940aa9394,83,FALSE,TRUE
1292707055,Matthew Flathers,0LEyvGpw4q502KPRwnMEcW,Commute (Sep 23),,https://image-cdn-ak.spotifycdn.com/image/ab67706c0000da842232352faee3682fae07103b,96,FALSE,TRUE
1292707055,Matthew Flathers,4ApKBrbOW3qMsNNrzhtwwM,Prospect (Sep 22),,https://image-cdn-ak.spotifycdn.com/image/ab67706c0000da84c7cfd5bd37946c878fe3f798,113,FALSE,TRUE
1292707055,Matthew Flathers,3w4o68EqlB3L0ZOsWZ3sqx,Collect (Sep 21),,https://image-cdn-ak.spotifycdn.com/image/ab67706c0000da84fa5ef189aa44bbd8c1192625,86,FALSE,TRUE
1292707055,Matthew Flathers,4xq7j9kYYiz3zlLDCmQYaM,Workaholic (Sep 20),,https://image-cdn-fa.spotifycdn.com/image/ab67706c0000da84b810a4fbdb8bf9cee4586875,57,FALSE,TRUE
1292707055,Matthew Flathers,5QkYuPApzEscMMW82MmBUw,Lamplighter (Sep 19),,https://image-cdn-ak.spotifycdn.com/image/ab67706c0000da843648e91d64c706d75381f4c9,45,FALSE,TRUE
1292707055,Matthew Flathers,5Ceo4MZgv5wbCt07e3wHVY,Watching them Drive Away,"Sad Female Rock (Snail Mail, Lucy Dacus, Ratboys, etc.)",https://image-cdn-ak.spotifycdn.com/image/ab67706c0000da84f3fc6446c009b527824d179a,79,FALSE,TRUE
1292707055,Matthew Flathers,1mCvZw2wuEQ80VoNuf2Z8I,Red,,https://image-cdn-ak.spotifycdn.com/image/ab67706c0000da84fa853badbffa5686cbd79556,85,FALSE,TRUE
1292707055,Matthew Flathers,7M2R94ie1U0D4XbPRngKrl,Death and Other Details,Songs I liked from the TV Show Death and Other Details,https://image-cdn-ak.spotifycdn.com/image/ab67706c0000da8473e64bcf66c0f22e258f7047,14,FALSE,TRUE
1292707055,Matthew Flathers,2PqDz0jOZDaIlR43LowZbu,"Dust in My Boots, Anger in My Stride",,https://mosaic.scdn.co/640/ab67616d00001e022a9e5743f2d7c93c43fee849ab67616d00001e02605fea88497f83c4881df0daab67616d00001e026dc718cc60e8e23153bdd088ab67616d00001e02c469e75608b59994c1c422be,24,FALSE,TRUE
1292707055,Matthew Flathers,35iLXzTfAMnGTl1vTwZJFp,Bedroom Bangers and Depression Anthems,,https://image-cdn-ak.spotifycdn.com/image/ab67706c0000da844ac94c4f09f1b61f8a682843,36,FALSE,TRUE
1292707055,Matthew Flathers,04byJid9kRFJOHdislQLtY,Walking Confidently Through the Apocalypse,"Chill Garage Rock (Neutral Milk Hotel, Whitney, Bright Eyes, etc.)",https://image-cdn-ak.spotifycdn.com/image/ab67706c0000da8494941b50ca9240df76e334d0,60,FALSE,TRUE
1292707055,Matthew Flathers,7dQ37WoeGzePlvyJMbR3un,My Hair Is Purple Now,,https://image-cdn-ak.spotifycdn.com/image/ab67706c0000da8412ca79172dd76784beae13d4,29,FALSE,TRUE
1292707055,Matthew Flathers,1jmlvKmp5xIPoeGsRGcw8G,Gatsby 2024,,https://mosaic.scdn.co/640/ab67616d00001e02b6efd26ce36980c408104fa0ab67616d00001e02c844214789d3a6c3e336b15dab67616d00001e02e1eb8af8969639c892f5974cab67616d00001e02e2c682e406b9a9dfb29e35db,39,FALSE,TRUE
1292707055,Matthew Flathers,75GB7eOLjk8wipNWlJngPe,Making Homework Epic Since 2010,,https://mosaic.scdn.co/640/ab67616d00001e02128ca6b63d83d47c909a43ceab67616d00001e021cb1bf71dcd0b882b61aadf3ab67616d00001e02369c295afeb6a7cbc40bed64ab67616d00001e02ea138ac62d28b19e671036c8,228,TRUE,TRUE
1292707055,Matthew Flathers,5kpxewPTYAuXF8Tn5Aymsb,Dreaming in September,,https://mosaic.scdn.co/640/ab67616d00001e022784a601fe7ab79bdf8bfd3eab67616d00001e026d94c6410d9f82ef2f9b0bcaab67616d00001e02b7f72643bf8a029abeacc5ddab67616d00001e02bda2178fd88a11c96dde5e2e,45,FALSE,TRUE
1292707055,Matthew Flathers,6ezGQMYm5tVVGZqAIYXN6k,Big Loud and Proud,,https://mosaic.scdn.co/640/ab67616d00001e0201a6faf91e207748e8e32e0aab67616d00001e025cec862f6476c2187004ce4fab67616d00001e02683fee123a35b36d53f21a58ab67616d00001e02d52e14e0595216ca453572ab,55,FALSE,TRUE
1292707055,Matthew Flathers,6ApFFm1AFspidp1S7DHlP6,Years,,https://mosaic.scdn.co/640/ab67616d00001e021848e869a32bd164ae883bdeab67616d00001e02237c5a687a37a470e1899e7fab67616d00001e029f395ad762cccc9d472fcf10ab67616d00001e02c01211983c4e455b604b6ee8,125,FALSE,TRUE
1292707055,Matthew Flathers,4oPoSqnpQA6gPWMDpWFWlK,Songs that just Hit,,https://mosaic.scdn.co/640/ab67616d00001e0208d71ad01bf314194a16333cab67616d00001e024b1c3afec83fc43e22e5824cab67616d00001e02c206033390be5a905b84802fab67616d00001e02ce4fbf3a14360ceceed1fc3b,4,FALSE,TRUE
1292707055,Matthew Flathers,0pCBZWC8EeVKF4unuNNLLI,Spanish,,https://mosaic.scdn.co/640/ab67616d00001e0204364593fe145a2068fbfa64ab67616d00001e02112dbd99218ec55c858a72c7ab67616d00001e027bf65c9842e4f61f491c7932ab67616d00001e02849624cbd334b1dd52102f7f,6,FALSE,TRUE
1292707055,Matthew Flathers,1YsH8kRYVkiA2gx70G2h7P,For Frances ,,https://image-cdn-ak.spotifycdn.com/image/ab67706c0000da840b72e7b14b7d2abc1fbf2712,10,TRUE,TRUE
1292707055,Matthew Flathers,6DdyxvIvIhg7zbXWjcX98H,Songs You Find When A Glacier Melts,,https://mosaic.scdn.co/640/ab67616d00001e02151615a4f7e582b83d69883cab67616d00001e0257a0868419086b576553c9f4ab67616d00001e02781a41976efe7daa0eed07efab67616d00001e02d658a02ba8931985bdc4e0da,7,FALSE,TRUE
1292707055,Matthew Flathers,6FvbRw2SsmTVZqap3QFXqR,Acapella old,,https://mosaic.scdn.co/640/ab67616d00001e020d14ebac6c7dc1f97da52258ab67616d00001e022f7454654f55c1da4233df76ab67616d00001e02494d1056a224a829c091bd0aab67616d00001e02ea130469113a9c81d9b47801,153,FALSE,TRUE
1292707055,Matthew Flathers,7a5f5ffcChkUoLnyRr91iJ,Songs I Never Want To Hear Again,,https://mosaic.scdn.co/640/ab67616d00001e02bf32ebc98fd99d60fa808d4dab67616d00001e02c0ed4b0563a537ffcbcd0663ab67616d00001e02c68da345b073a891ac40267eab67616d00001e02cb75c58850caee472621c267,11,FALSE,TRUE
1292707055,Matthew Flathers,680g1667zSWFEbRyiBn5CZ,Funky Folk,,https://mosaic.scdn.co/640/ab67616d00001e023de758390d88741115b8caaaab67616d00001e02940dcfe03d009186545a521dab67616d00001e02c41b4935de044577d29367cfab67616d00001e02e95d1d983dd7d33e34cf21a8,11,FALSE,TRUE
1292707055,Matthew Flathers,385Xhyi1y951aCaHYQwG1D,Shameless Mainstream (2015 - 2018),,https://mosaic.scdn.co/640/ab67616d00001e021e340d1480e7bb29a45e3bd7ab67616d00001e02d040bc5b46915b49a64d7b1dab67616d00001e02d73966976fd29781c3a8dde0ab67616d00001e02deec12a28d1e336c5052e9aa,835,FALSE,TRUE
1292707055,Matthew Flathers,0ZWRbUh9I0RSsQTuJAQkhj,8th Grade Throwbacks,,https://mosaic.scdn.co/640/ab67616d00001e026ec7ab30397ea37295340a41ab67616d00001e0275efdb59b1ab02452a7d59e0ab67616d00001e0291f7222996c531b981e7bb3dab67616d00001e02e77aece1352dcc4f4cfd097f,123,FALSE,TRUE
1292707055,Matthew Flathers,7xBZYfidRpEYHI1wycLqZQ,Pivot (Aug 23),,https://image-cdn-ak.spotifycdn.com/image/ab67706c0000da845342c136dce01b84ea3a5eb3,77,FALSE,TRUE
1292707055,Matthew Flathers,3GTksLRL99qyGgv0orqhb6,Phoenix (Aug 22),,https://image-cdn-ak.spotifycdn.com/image/ab67706c0000da8489ae9670b3a4139d5c6fa96f,77,FALSE,TRUE
1292707055,Matthew Flathers,3LIILtpvxkckWho6ArsCkR,Moving (Aug 21),,https://image-cdn-ak.spotifycdn.com/image/ab67706c0000da84dc7f8225a8189e956bbcab1b,99,FALSE,TRUE
1292707055,Matthew Flathers,4Eta5y2ZD3cw6yNBfN1F2M,Enterprise (Aug 20),,https://image-cdn-ak.spotifycdn.com/image/ab67706c0000da84991d809363b2c9ba9669ade4,145,FALSE,TRUE
1292707055,Matthew Flathers,6abT9WqsNsuY2TL7EJovGM,Lyme (Aug 19),,https://image-cdn-ak.spotifycdn.com/image/ab67706c0000da84859e53a4d39424c22288205f,27,FALSE,TRUE
1292707055,Matthew Flathers,2Uy3mFsThUa7uLnW1fzgBC,Ice Cold Coca Cola,,https://image-cdn-ak.spotifycdn.com/image/ab67706c0000da84a903c2cac00a6dae01101d6e,58,FALSE,TRUE
1292707055,Matthew Flathers,38qoJ0cp1jgomJd300eya6,Pink,,https://image-cdn-ak.spotifycdn.com/image/ab67706c0000da842ff9ae2073e8711d9e0152e8,81,FALSE,TRUE
1292707055,Matthew Flathers,5C0Y1YesnxKzOrvhnQu16g,The Wisdom of the Swamp,,https://image-cdn-ak.spotifycdn.com/image/ab67706c0000da842d88e2c47109cb53f9390aaa,26,FALSE,TRUE
1292707055,Matthew Flathers,5g3Q1ucnnVdHtxHZf70BR0,Death of a Firehydrant,,https://image-cdn-ak.spotifycdn.com/image/ab67706c0000da84a4d9a41911d4be4b09275679,20,FALSE,TRUE
1292707055,Matthew Flathers,1ITTOgMTDYVy6pmr7sh6yl,That Garage Fridge,"Classic Rock through early Garage Rock. (The Eagles, Weezer, Modest Mouse, Red Hot Chili Peppers)",https://image-cdn-ak.spotifycdn.com/image/ab67706c0000da8484b5dd3d627c23b6b2c43665,43,FALSE,TRUE
1292707055,Matthew Flathers,584KZiFG4oJhoWD1xo5od3,Girlboss,,https://image-cdn-ak.spotifycdn.com/image/ab67706c0000da84dd9f9c7fa65fbfa02aa9e29e,100,FALSE,TRUE
1292707055,Matthew Flathers,6Bfvzj93kyenaINsAnuHlK,Stop Motion Prostitution,,https://mosaic.scdn.co/640/ab67616d00001e02063c048e9ef6bd021b744756ab67616d00001e022b517912fd69652ff10d8e11ab67616d00001e02d040bc5b46915b49a64d7b1dab67616d00001e02e14f11f796cef9f9a82691a7,47,FALSE,TRUE
1292707055,Matthew Flathers,0pK8ju2Jo1F84eWTMCdstu,Great Great Grandfather Jams,,https://mosaic.scdn.co/640/ab67616d00001e02263a6aae6b29d9bcac6e9882ab67616d00001e02708a1fc00cf17447344664dfab67616d00001e02b9f99e578d738d1eca9803abab67616d00001e02df756f52b91b4dcd656760b0,9,FALSE,TRUE
1292707055,Matthew Flathers,6xwwSJfhCs1bmN1RotAiee,A Giggle in the Wind,,https://mosaic.scdn.co/640/ab67616d00001e0257a0868419086b576553c9f4ab67616d00001e0261a02bd4428cc8d26dbef4f0ab67616d00001e026866d646aa62624e041d41e1ab67616d00001e02d5f86e2ed9a548e213030078,23,FALSE,TRUE
1292707055,Matthew Flathers,7ccX0PmpR8ym1ZbUaNChpU,"""Yeah I Like Hip-Hop/Rap""",,https://mosaic.scdn.co/640/ab67616d00001e0226d64b6150aa3d9b6b67d857ab67616d00001e02d9194aa18fa4c9362b47464fab67616d00001e02e71dd15fc5bdefd5bff70452ab67616d00001e02f7f74100d5cc850e01172cbf,103,FALSE,TRUE
1292707055,Matthew Flathers,70Jm59O8NiU8OM5wuKUYpD,TV Themes,,https://mosaic.scdn.co/640/ab67616d00001e02441bc2ca2f87dd0f7840c7a0ab67616d00001e029906e7ba8214cab60e84fba7ab67616d00001e02d27250d1d8b0dd8bce8ab207ab67616d00001e02e654bc3bc09b6c1e013f74a3,54,FALSE,TRUE
1292707055,Matthew Flathers,72wlhGTRvQ9Z5ZmbD9qes1,For Judith,,https://mosaic.scdn.co/640/ab67616d00001e0217f46553dfa734ab46fe856cab67616d00001e024dcf101b9169329cf61ef522ab67616d00001e0295e12ae1394daf5a947af1beab67616d00001e02cc5da1d919f3ee4b8318b38d,24,TRUE,TRUE
1292707055,Matthew Flathers,2LGWVSpJ21fpcxnfogrcDY,Us,,https://mosaic.scdn.co/640/ab67616d00001e021d7dd5ed03d0a5000c1928ffab67616d00001e0258ec0b2db0b2dc69f7f20263ab67616d00001e025bc5c178640fbb4fcdd7dd7dab67616d00001e02ef6b98cfaf495d945c067a09,5,FALSE,TRUE
1292707055,Matthew Flathers,1W3AVo7hihnuWx90ZFEHPF,Alabamsterdam,,https://mosaic.scdn.co/640/ab67616d00001e0238aaa4003fa63ed248fdf23cab67616d00001e0295f92bd79542a186bfc68fe9ab67616d00001e02a3473085a2a48547a5c290a8ab67616d00001e02f67da3f6371b67731d2459b9,6,FALSE,TRUE
1292707055,Matthew Flathers,6lvaDolaymtPxLhabrR4Ar,Recommended for You // Obscurify,,https://mosaic.scdn.co/640/ab67616d00001e02118248a412d9875708acc35cab67616d00001e02304a271291b3699d16d62db1ab67616d00001e026064c05b57123df634910611ab67616d00001e028bc798bbb501b37ec990f4b4,15,FALSE,TRUE
1292707055,Matthew Flathers,5TOAgFuTxxEsypIkf26JXV,Musical Comedy,,https://mosaic.scdn.co/640/ab67616d00001e026ec87f34fb2e058cc3bf499eab67616d00001e02e063a38fc5578ab03f08071fab67616d00001e02ef4b07e653544a82fa25a6deab67616d00001e02f7e6320a489ff582b8df9861,33,FALSE,TRUE
1292707055,Matthew Flathers,4Qbz2lRopixLlpw6pRUl9P,The Big 16 Hundo,,https://mosaic.scdn.co/640/ab67616d00001e0208a1b1e0674086d3f1995e1bab67616d00001e025da2756220da9b6f17924f8fab67616d00001e02da4f6706ae0f2501c61ce776ab67616d00001e02db89b08034de626ebee6823d,1525,FALSE,TRUE
1292707055,Matthew Flathers,4wUbjnKTazVh6e51a8zE4x,10th Grade Wet Dreams,,https://mosaic.scdn.co/640/ab67616d00001e0247f930accd8ac01686401fa2ab67616d00001e02a833177ea08ee31b918ba6cbab67616d00001e02b02f642851816d9384b90aa6ab67616d00001e02c00d1f4abc51c2540bf2265b,436,FALSE,TRUE
1292707055,Matthew Flathers,24ivJAtKWAvqTn50u7XjQe,Resolve (July 23),,https://image-cdn-ak.spotifycdn.com/image/ab67706c0000da844aea50343b6d965594c91316,84,FALSE,TRUE
1292707055,Matthew Flathers,79UqMJIPLpjhotsU6EPGZj,Refactor (July 22),,https://image-cdn-ak.spotifycdn.com/image/ab67706c0000da847b7720650f865f64ccc0da75,84,FALSE,TRUE
1292707055,Matthew Flathers,0neywLocmJuF7g648qAaBJ,Settle (July 21),,https://image-cdn-ak.spotifycdn.com/image/ab67706c0000da84062606e6bc8b9833eed0ff54,80,FALSE,TRUE
1292707055,Matthew Flathers,21VvGE7XQth9XvsuYvF9He,Split (July 20),,https://image-cdn-ak.spotifycdn.com/image/ab67706c0000da8482a0252dce9e777a1d308508,81,FALSE,TRUE
1292707055,Matthew Flathers,4QV92s8sHYhWSeMU9sHnWo,Lineup (July 19),,https://image-cdn-fa.spotifycdn.com/image/ab67706c0000da84a3bb62888fa6977e75ae8f30,36,FALSE,TRUE
1292707055,Matthew Flathers,0PCSOVLSKutFyUjVqS1z9c,Root Beer Slushie,,https://image-cdn-ak.spotifycdn.com/image/ab67706c0000da84a733e47ac1ae5295d88ad12f,50,FALSE,TRUE
1292707055,Matthew Flathers,1uuMuf5NLjCPkFQNa0q2zS,Purple,,https://image-cdn-ak.spotifycdn.com/image/ab67706c0000da84132105904431b23c5dbe97e3,76,FALSE,TRUE
1292707055,Matthew Flathers,4CoptJFXfSi9hJVDXFUZIG,Back in the Old Country,,https://mosaic.scdn.co/640/ab67616d00001e02296adbe9fe76cb2124ec0544ab67616d00001e0263134b3cf76a63e91647e1bbab67616d00001e0290c9072fbd484299e0f624caab67616d00001e02c79f3dc24df3666e7e5e79b7,25,FALSE,TRUE
1292707055,Matthew Flathers,4r7CzaJ4pLLZ95vqhKRTD2,Soft Boys in Cozy Sweaters,,https://image-cdn-ak.spotifycdn.com/image/ab67706c0000da8467d5e3bce68de72cf350ed8f,43,FALSE,TRUE
1292707055,Matthew Flathers,0Lbm1IzAB0AlW00DJCll4u,Music Band (For Jesus),,https://image-cdn-fa.spotifycdn.com/image/ab67706c0000da84428e69fdf7efc579291968bc,33,FALSE,TRUE
1292707055,Matthew Flathers,5JbaeJXBgQ812GbT4j9wSG,Soul Eaters and a Heart of String Cheese,,https://mosaic.scdn.co/640/ab67616d00001e02005132ebc7693fd385bb8058ab67616d00001e02263234fd0d4da1044fee2f19ab67616d00001e027582716b3666a5235d5af4eaab67616d00001e02f86c1a6379afd17e73c93141,29,FALSE,TRUE
1292707055,Matthew Flathers,1h73iEy1KT5ATfhI1jjmGI,Movie Themes,,https://mosaic.scdn.co/640/ab67616d00001e023d85808897b5cd1ef0b31a1eab67616d00001e027cba36fe491c113e89562cc6ab67616d00001e0292f051ce3c585b5c2db21d52ab67616d00001e02b0b9aaf0ef903add8f96ff6e,30,FALSE,TRUE
1292707055,Matthew Flathers,4Se5SLmKa4T7BuP0nrr51I,A Smile That's Painted,,https://mosaic.scdn.co/640/ab67616d00001e021737f2787eeb8777a85ebcf1ab67616d00001e02500a95f36178e1c86a835077ab67616d00001e02c32b9cb61b201e9846a18370ab67616d00001e02f860547bc8ba0c59df4fe2c3,32,FALSE,TRUE
1292707055,Matthew Flathers,0Skc9GQfLo4C6lAmAF2Qca,Why are White Rappers So Angry?,,https://mosaic.scdn.co/640/ab67616d00001e0214c95b3975386061f46f3983ab67616d00001e02617b7d3433ff3a447faa7c08ab67616d00001e0295d5d85909d5deb5cee9f311ab67616d00001e02df58a881c20d1aba831164c3,99,FALSE,TRUE
1292707055,Matthew Flathers,6FuYplq8rQxStOSkIzTl6c,Undercover,,https://mosaic.scdn.co/640/ab67616d00001e0246e183faead8211e4b10caa7ab67616d00001e02a7865e686c36a4adda6c9978ab67616d00001e02d8fb5b4308dc27f210064ef4ab67616d00001e02e7c654cc662add74a197865c,102,FALSE,TRUE
1292707055,Matthew Flathers,2c0DInRgwd5dEy4bNc8Ffp,Old Town Road,,https://mosaic.scdn.co/640/ab67616d00001e027d15866a2a7241462312d81dab67616d00001e028d17332a30d31dc65a9a2631ab67616d00001e02c0e7bf5cdd630f314f20586aab67616d00001e02f0d9f552f55d802413da1002,5,FALSE,TRUE
1292707055,Matthew Flathers,413T5SUI1UAUPNSIFPmkmG,Current Favorites (Sep 2010 - Sep 2013),,https://mosaic.scdn.co/640/ab67616d00001e023aaf53e809967497154ddf24ab67616d00001e025726e327fd968a6fb5974350ab67616d00001e02a9c0a575dbbe00e5d691da7cab67616d00001e02d785fa246cca092598fe3c3b,424,FALSE,TRUE
1292707055,Matthew Flathers,5lMv8JeVKCpsB9JxeCbfVr,Languor (June 23),,https://image-cdn-ak.spotifycdn.com/image/ab67706c0000da84a06b37fc1a1c213fb06a2592,115,FALSE,TRUE
1292707055,Matthew Flathers,279mXdvl1JkKVx1dHTyycF,Teeth (Jun 22),,https://image-cdn-ak.spotifycdn.com/image/ab67706c0000da847b8104fa33703730db7615b1,47,FALSE,TRUE
1292707055,Matthew Flathers,0RiUJvLAM2FVT7NXfAikqq,Limbo (June 21),,https://image-cdn-ak.spotifycdn.com/image/ab67706c0000da8497a1e65e7dfcc63719afeada,90,FALSE,TRUE
1292707055,Matthew Flathers,03Sr0dnP8ekzysRzZ7RN4T,Fat (June 20),,https://image-cdn-ak.spotifycdn.com/image/ab67706c0000da846955c63cb9b5b79665687df9,52,FALSE,TRUE
1292707055,Matthew Flathers,0jrhEjhlLBGg8Ql89gBiZY,Reunited (June 19),,https://image-cdn-ak.spotifycdn.com/image/ab67706c0000da841052b3391444fd9b404cda8a,15,FALSE,TRUE
1292707055,Matthew Flathers,7eDwq1WvspIsi2Ju8YrQne,Low Center of Gravity,"Garage Rock (The Vaccines, The Killers, Cage The Elephant, Young The Giant, etc.)",https://image-cdn-ak.spotifycdn.com/image/ab67706c0000da844a1fea0018420cf917ce90fe,55,FALSE,TRUE
1292707055,Matthew Flathers,5gVC09pIMxXTfdfAT9egZe,Folk But Like City Folk,,https://mosaic.scdn.co/640/ab67616d00001e023007ef55162678333c3623ddab67616d00001e024a409dc4f45929d247217d68ab67616d00001e0272d71d9702770c8f3b9ecc01ab67616d00001e02b26aa443332e4ccd14d42c0b,33,FALSE,TRUE
1292707055,Matthew Flathers,7gOFV0pLoh9SBADKx2nRBM,Eyebrow Dancing,,https://mosaic.scdn.co/640/ab67616d00001e024a9cab05e1a88ceb0b4e7f7dab67616d00001e025795e01c151ba5a8ce4bd295ab67616d00001e0290a788beadaad34ff684d3ecab67616d00001e02f793a842c1642b09a768a63b,21,FALSE,TRUE
1292707055,Matthew Flathers,0kYwQLrzs3NIo5ZRuLUMO6,Building Triumph,,https://mosaic.scdn.co/640/ab67616d00001e02369c295afeb6a7cbc40bed64ab67616d00001e024784c47d1373f136ea74f47eab67616d00001e029a2b587110f6c9e8d3967dcbab67616d00001e02c0f1382de6fedb1e4459ef0c,59,FALSE,TRUE
1292707055,Matthew Flathers,4t3qRNf3bbdL6cQ2GljC46,Humans Disguised as Drums,,https://mosaic.scdn.co/640/ab67616d00001e0215ee83e0420932b2f5f487acab67616d00001e027848a25cb4c61f10ff2c9083ab67616d00001e0298e48a0c45e002b8d6f767e6ab67616d00001e02ea130469113a9c81d9b47801,17,FALSE,TRUE
1292707055,Matthew Flathers,2Wtmq0pPbnl9Jdm4hHeaz5,A Badass Woman Who Don't Need No Man,,https://mosaic.scdn.co/640/ab67616d00001e02b1c6cf12c9fb4f9014b711baab67616d00001e02c17570626959bfa6c2435925ab67616d00001e02e08b1250db5f75643f1508c9ab67616d00001e02f28d6d9035fae9d4c93f0e6a,12,FALSE,TRUE
1292707055,Matthew Flathers,5ZVxagb6d5afEOnv5rfK5X,50 States ,One song named after each of the 50 states + Washington DC,https://image-cdn-ak.spotifycdn.com/image/ab67706c0000da845d3d1287cbae86e483d2b1c8,52,FALSE,TRUE
1292707055,Matthew Flathers,1QR9QdO3QQoHWM5Uamx3nD,Country To Sort,,https://mosaic.scdn.co/640/ab67616d00001e0205e76b84a0fceebe3ebaaf16ab67616d00001e025726e327fd968a6fb5974350ab67616d00001e025dd009ae4847b61c93571948ab67616d00001e02c00d1f4abc51c2540bf2265b,69,FALSE,TRUE
1292707055,Matthew Flathers,3Y63ZCcffly8clJbJ9Ewdh,Starred,,https://mosaic.scdn.co/640/ab67616d00001e02148cd93cd936ee29cb4db587ab67616d00001e028f6b4035c82eb9cf42e9d8d7ab67616d00001e02a6da5aeed375aac9cb4f6a72ab67616d00001e02aaf8c068ffe217db825a1945,967,FALSE,TRUE
1292707055,Matthew Flathers,0Fxp2EY2YmG60yMjTEGkmP,Puscifier,,https://mosaic.scdn.co/640/ab67616d00001e0237b3dbf13c84d6a77acb4483ab67616d00001e0282e5a6ed011505ed959c10a0ab67616d00001e028c37b8e0f8c822731b1fa382ab67616d00001e02a3c79e5386569c298da415dc,10,FALSE,TRUE
1292707055,Matthew Flathers,7Cr9iwTMBdfsO150bFJhsv,Provoke (May 23),,https://image-cdn-ak.spotifycdn.com/image/ab67706c0000da84e586fd29ed34d11519bf524f,136,FALSE,TRUE
1292707055,Matthew Flathers,1bEJMCXh66YGZNSEJik0wA,Paralysis (May 22),,https://image-cdn-ak.spotifycdn.com/image/ab67706c0000da8417b7021b9d16baf6d7ee0b01,66,FALSE,TRUE
1292707055,Matthew Flathers,2AFTtedf8oHvqxE1O6U1K3,Home (May 21),,https://image-cdn-ak.spotifycdn.com/image/ab67706c0000da847d1fe0561d8f90d610c345d7,66,FALSE,TRUE
1292707055,Matthew Flathers,15LxnfiaeNQhkrJU5dciFY,Antique (May 20),,https://image-cdn-ak.spotifycdn.com/image/ab67706c0000da840076c8486df827a7e63dda80,61,FALSE,TRUE
1292707055,Matthew Flathers,2hUeSW2oT89hZTprkrtgqx,Epic (May 19),,https://image-cdn-ak.spotifycdn.com/image/ab67706c0000da846a16ef02c3f289153b18f441,36,FALSE,TRUE
1292707055,Matthew Flathers,3KOeJo9uUFN6QgOQrEN0ei,Americana ,,https://image-cdn-ak.spotifycdn.com/image/ab67706c0000da8453a3b4b09f14367db20d1678,46,FALSE,TRUE
1292707055,Matthew Flathers,03F2rLCTDDLB0kbhOcbjf4,Entertwanging,,https://mosaic.scdn.co/640/ab67616d00001e021249203ae4bfa70933dfb3ebab67616d00001e022a4aeff3ddbbc30af9131e12ab67616d00001e02985d54b7f08cfc89f58a5cc4ab67616d00001e029ab2e8eab11d3b3d67c02d30,45,FALSE,TRUE
1292707055,Matthew Flathers,76qgap8rLFd2tviDVcMjDp,"Boring, Practically and Conceptually",,https://mosaic.scdn.co/640/ab67616d00001e0255b094b01ca58e4d1800a402ab67616d00001e02a9929deb093a6617d2493b03ab67616d00001e02d6df3bccf3ec41ea2f76debcab67616d00001e02f5bf6cc73913a539ca7a56bb,74,FALSE,TRUE
1292707055,Matthew Flathers,4RUde7uRiUtrKTrNTctLnd,Broken Rainbows in the Eye of the Storm,"Millenial Depression Pop (Billie Eilish, King Princess, Charlotte Cardin, etc.)",https://image-cdn-ak.spotifycdn.com/image/ab67706c0000da8446e6aad28fd34e18034ccb2f,72,FALSE,TRUE
1292707055,Matthew Flathers,2VUIBvXLswPymyRa7WWcgN,420 $oundcl0ud 69,,https://mosaic.scdn.co/640/ab67616d00001e0249975866363b47754b3b1fe1ab67616d00001e02574d6b3636e7ed59705a0e56ab67616d00001e0259cd47039c5b10ed919fbaa8ab67616d00001e0293b1e96fad758869d0974162,70,FALSE,TRUE
1292707055,Matthew Flathers,7MlDT9qVB9jb5ks7cdwxNh,Meme Songs,,https://mosaic.scdn.co/640/ab67616d00001e02182cfcd0cc42013557f64c89ab67616d00001e0220a1f5b13c13e633c1b4f37eab67616d00001e02671d70d370a74b4b3cd2873eab67616d00001e0268f9a591c4b51cc603e057c4,39,FALSE,TRUE
1292707055,Matthew Flathers,5vZEeQZSEmnrEe7TryxzCI,Is This Country?,,https://mosaic.scdn.co/640/ab67616d00001e021f3aec0db061b8452099ec2fab67616d00001e02466904e90099218c1ee86429ab67616d00001e02b1968034cd5d3d3ca2411da7ab67616d00001e02e4fb47b29d0898ce9bbeea96,33,FALSE,TRUE
1292707055,Matthew Flathers,68438bJu65C2V1KWkCx6hR,420 Suggestion Box,,https://mosaic.scdn.co/640/ab67616d00001e023349d534142b3e331ea87659ab67616d00001e02681fea24842fee60100ca541ab67616d00001e027c99c409dbead0bb3a06a551ab67616d00001e02fe90bb4900f7624317a0367d,14,TRUE,TRUE
1292707055,Matthew Flathers,6L3KPjwfnicFbh2Lk2fzkS,Polar Vortex 2019,,https://mosaic.scdn.co/640/ab67616d00001e0206b904a179ecb9c560dc8501ab67616d00001e020f93e3b67c954dbe8b06f99dab67616d00001e025e5c068ff15863495b0ffbdeab67616d00001e02ac4b7c9eed10bd278bad54bc,13,FALSE,TRUE
1292707055,Matthew Flathers,3bDNFGq2DHiE6flB9PkDzn,Avoidance (Apr 23),,https://image-cdn-ak.spotifycdn.com/image/ab67706c0000da84d983ad765295387ae5acffdb,158,FALSE,TRUE
1292707055,Matthew Flathers,4BhxqhlScp3kjEbZQRTGRp,Homebody (Apr 22),,https://image-cdn-ak.spotifycdn.com/image/ab67706c0000da842177e234ab8085c01137326a,87,FALSE,TRUE
1292707055,Matthew Flathers,4HNgYROLp8QSeb2maODlVf,Drag (Apr 21),,https://image-cdn-fa.spotifycdn.com/image/ab67706c0000da84455cb0747ba2279c18547074,79,FALSE,TRUE
1292707055,Matthew Flathers,4gLz4Ea364SF0Izy9uJbI2,Blip (Apr 20),,https://image-cdn-ak.spotifycdn.com/image/ab67706c0000da84f2ce120f72926dcd13fde137,83,FALSE,TRUE
1292707055,Matthew Flathers,4j8VRjvRKeZ5gl6E4dcMIS,Turquoise (Apr 19),,https://image-cdn-ak.spotifycdn.com/image/ab67706c0000da849f29940ad68799e15ff13e0c,32,FALSE,TRUE
1292707055,Matthew Flathers,7706wgovnSE7CoN5g7ZO6G,Geology,,https://image-cdn-ak.spotifycdn.com/image/ab67706c0000da849abe820217c4e29dd28c0487,46,FALSE,TRUE
1292707055,Matthew Flathers,0mCDoMrvXdSG8rLCqGmxyL,Chatter in the Skull,Songs I like that utilize sampling well,https://image-cdn-ak.spotifycdn.com/image/ab67706c0000da848359b6412c6132296ecf4e66,28,FALSE,TRUE
1292707055,Matthew Flathers,1n9wRUyVVtA9jbDLSRKzIr,Nondescript Chill,,https://mosaic.scdn.co/640/ab67616d00001e0220d6b08058f49906a890b3d0ab67616d00001e027e6a83ecb767f63c9e9657d7ab67616d00001e02dab1781c18b9979e6176a176ab67616d00001e02f26f98b9f4dbee27476208fb,55,FALSE,TRUE
1292707055,Matthew Flathers,4jEHt41Ee1czxgyVSWizN4,Western,,https://mosaic.scdn.co/640/ab67616d00001e0288eb37784eee4c3651807406ab67616d00001e02bd4b3fc20c85ab28df641ea9ab67616d00001e02cf351e3a0d134c2ad52a9c4bab67616d00001e02d27250d1d8b0dd8bce8ab207,24,FALSE,TRUE
1292707055,Matthew Flathers,3hPBQo19X0JdRmNM0xV0Gx,Loose Lips Sink Ships,,https://image-cdn-ak.spotifycdn.com/image/ab67706c0000da8404fbd2b758443464dd2e4b0e,61,FALSE,TRUE
1292707055,Matthew Flathers,57k77kNpO4xAbBISte2uF2,Get Ready For the Brass Drop,,https://mosaic.scdn.co/640/ab67616d00001e0217d7e37391915f339c096e10ab67616d00001e02702b0037c7f67c956d10c78fab67616d00001e02b044d7a344838c474e76e07cab67616d00001e02c4f859e21ed944c701354b01,7,FALSE,TRUE
1292707055,Matthew Flathers,29W1GrVUgG96ew03IR0bNx,Stampede of Elephants,,https://mosaic.scdn.co/640/ab67616d00001e0278f0c650c7a4f7eed7e3e7e3ab67616d00001e028e4aa1d1664f81a5f072fa3fab67616d00001e02b921d6d283d0668dc231d183ab67616d00001e02f755df01ec0efdef2627b22e,20,FALSE,TRUE
1292707055,Matthew Flathers,5nItej5p1SXncAcSXzA1bE,Weened on Vineyard Beaches,,https://mosaic.scdn.co/640/ab67616d00001e02300dd939c3081ff12fa69284ab67616d00001e024fdb0337978c7464cdfb1783ab67616d00001e0288405a46f6564caac57105e8ab67616d00001e02d7f3e4d143c198d3542a775d,54,FALSE,TRUE
1292707055,Matthew Flathers,4tBgFI4rkdXXfiYELargle,2015 Top Tracks,,https://mosaic.scdn.co/640/ab67616d00001e0226f66daf2d107eb1e5eb121dab67616d00001e023e006f8955d3de37371b147aab67616d00001e02b95a7b881ceea7ae051f86a3ab67616d00001e02e742841accccf949d7af1b75,100,FALSE,TRUE
1292707055,Matthew Flathers,5oblZqgyq5QN61TnmHQItZ,hmmm,,https://mosaic.scdn.co/640/ab67616d00001e02511daec815cea23d82cc5151ab67616d00001e027247f64530ed4e5bf8403403ab67616d00001e02785d4e702802da500fc78b32ab67616d00001e027a6339d6ddfd579f77559b3c,25,FALSE,TRUE
1292707055,Matthew Flathers,4EzcBZQhmjDLKFrFWYboQb,Echo (Mar 23),,https://image-cdn-ak.spotifycdn.com/image/ab67706c0000da8496f776a5f21bb72eeca9efa0,80,FALSE,TRUE
1292707055,Matthew Flathers,7DCTVNSjbjUMltwHwu2jc9,OM1 (March 22),,https://image-cdn-ak.spotifycdn.com/image/ab67706c0000da848dd72209bca387a5678e5048,71,FALSE,TRUE
1292707055,Matthew Flathers,3mqDhfpC4UipqVQKBnQEQy,Delay (Mar 21),,https://image-cdn-ak.spotifycdn.com/image/ab67706c0000da84e738677d1c13afa449228752,61,FALSE,TRUE
1292707055,Matthew Flathers,3RKfs8cyBgbwUukzoIW9oT,Quarantine (Mar 20),,https://image-cdn-ak.spotifycdn.com/image/ab67706c0000da841dd859f40ad40aa569aeb3f3,76,FALSE,TRUE
1292707055,Matthew Flathers,2maPj8LMcKJfe544WA5FyH,Spiraling (Mar 19),Best of March 2019,https://image-cdn-ak.spotifycdn.com/image/ab67706c0000da841f51e98223a273ddd18e3278,37,FALSE,TRUE
1292707055,Matthew Flathers,2Ia174qqdwXwpzJk5ncb3F,Seltzer Surface,"Smooth Female Rock (Caroline Rose, Lake Street Dive, Lola Marsh)",https://image-cdn-ak.spotifycdn.com/image/ab67706c0000da84fde6f4d65d4c786bc55afa2c,77,FALSE,TRUE
1292707055,Matthew Flathers,7iQ2ti4Zm2lOgmaK7SjHPT,"Music, But Emotionally Stunted at 15","Dashboard Confessional, Dream Theater, etc.",https://mosaic.scdn.co/640/ab67616d00001e029d5d8ac73325fec119eecfb3ab67616d00001e02a9bae94ddb20a71f573931c0ab67616d00001e02dbad6ff2ddf326bc6adf3f75ab67616d00001e02fbee462a3aa4e7ea05e07aa5,23,FALSE,TRUE
1292707055,Matthew Flathers,738aF9LrwmkHKySGkvriWn,Audio Crack,,https://mosaic.scdn.co/640/ab67616d00001e021e240c89392460689b7615a3ab67616d00001e028ec91685d1eb81026a504a9eab67616d00001e02bd4a1098dd7c86d8aa4580f5ab67616d00001e02e4f451256352154a99c78ec1,6,FALSE,TRUE
1292707055,Matthew Flathers,6WdgRhmPAsqjeL4En1cNVh,Dark Tension,,https://mosaic.scdn.co/640/ab67616d00001e0226f66daf2d107eb1e5eb121dab67616d00001e026c5ef138c4754ff469721bafab67616d00001e02a883e26f90ab617c91b90e56ab67616d00001e02bbf42de0c677d7549d15b7d5,46,FALSE,TRUE
1292707055,Matthew Flathers,1lDjFZHDgkEEhx8Zoz9YYv,Hurricane Melancholia,"Chaotic and brooding pop with female vocals. (Lorde, Lana Del Ray, Halsey, etc.)",https://image-cdn-ak.spotifycdn.com/image/ab67706c0000da84a71237338a1f399678c3ce3a,44,FALSE,TRUE
1292707055,Matthew Flathers,6joWocC3s4V84OOt621Fo4,The Sandlot,,https://mosaic.scdn.co/640/ab67616d00001e0219b9fae8d9f602068a5a5557ab67616d00001e0239cbd37b54526c3328840edfab67616d00001e0246007ceff2f1c33c9b9ec19cab67616d00001e025c1c4d3d94d0e845bd1ebec1,6,FALSE,TRUE
1292707055,Matthew Flathers,1AShmSMrb5b5Dgq0BO3Qbb,Songs to Listen to in Cryo,,https://mosaic.scdn.co/640/ab67616d00001e0288408d74342212a8c28835c7ab67616d00001e02996bd95c479350f13396d9b2ab67616d00001e02e3a5d394045e685f74120a29ab67616d00001e02e63babc570e7bfafcb45af89,23,FALSE,TRUE
1292707055,Matthew Flathers,48S4xcpZzpn34ibd3sT6qO,What it Means to Lead,,https://mosaic.scdn.co/640/ab67616d00001e025874248b6c16a5731d696b77ab67616d00001e029a541925d21da8a67fc850aaab67616d00001e02c7e8ff869f68844214a381d8ab67616d00001e02f7e313b50799c1f9481291ee,17,FALSE,TRUE
1292707055,Matthew Flathers,1DoHjTLSxWCaEzf2NtirKV,Shock (Feb 23),,https://image-cdn-fa.spotifycdn.com/image/ab67706c0000da841ca0c5dca565bc4e398270bc,92,FALSE,TRUE
1292707055,Matthew Flathers,41mtoxZuQr8FBMjNQ09DzZ,Erg (Feb 22),,https://image-cdn-ak.spotifycdn.com/image/ab67706c0000da84a782eec468a39feba20bd523,44,FALSE,TRUE
1292707055,Matthew Flathers,0qZmey5mLFbIKqWBlILUmY,Pine (Feb 21),,https://image-cdn-ak.spotifycdn.com/image/ab67706c0000da84d90735f6145e8cec9a2a04a2,50,FALSE,TRUE
1292707055,Matthew Flathers,1FrpTutX2oCmEi7vWTIcKR,Pete (Feb 20),,https://image-cdn-ak.spotifycdn.com/image/ab67706c0000da84cf80b4ecf35226e1e1639260,79,FALSE,TRUE
1292707055,Matthew Flathers,4jBC5hNDisB9FrsHDRFEPh,Premature Nostalgia (Feb 19),Best of February 2019,https://image-cdn-ak.spotifycdn.com/image/ab67706c0000da843309182c16422074c657cedd,50,FALSE,TRUE
1292707055,Matthew Flathers,5CBDG0aW5oqWY1Mk4AwOXn,Mom Music,,https://image-cdn-ak.spotifycdn.com/image/ab67706c0000da8456f2aa40ed2e55f1cefeb715,68,FALSE,TRUE
1292707055,Matthew Flathers,6e2NYNyDgJfK87BhZhsk5c,Tbh I Kinda Like Nickleback,,https://mosaic.scdn.co/640/ab67616d00001e0207fb7d8037f3962394c493caab67616d00001e0291eca63cca2e2a766e78f705ab67616d00001e0294f8b5f85bad2c8affe6cc7dab67616d00001e02d0494f682c986764e0bc629c,29,FALSE,TRUE
1292707055,Matthew Flathers,0E1t5MRPHg2guQ0oPlDLuc,Wistful,,https://mosaic.scdn.co/640/ab67616d00001e02128ca6b63d83d47c909a43ceab67616d00001e0282f80bc680463b2059c5826dab67616d00001e02b48a354020a351baab942106ab67616d00001e02ea138ac62d28b19e671036c8,72,FALSE,TRUE
1292707055,Matthew Flathers,0FcSBATf1BJbU7DqtUXL3E,Songs of Darkness,,https://mosaic.scdn.co/640/ab67616d00001e024ca68d59a4a29c856a4a39c2ab67616d00001e0290a788beadaad34ff684d3ecab67616d00001e02aab3ddb0fd66ac1127977d49ab67616d00001e02de71d6566456e207ac30fff0,34,FALSE,TRUE
1292707055,Matthew Flathers,00KmCeru6mrDrgdVusJGSh,Surfing,,https://mosaic.scdn.co/640/ab67616d00001e0208b19a033829c0bec97be61aab67616d00001e02198e55accd322bd0951cd3a6ab67616d00001e027c143568dc90032dea8d6183ab67616d00001e027cb33b8fab5302942e6a78fb,14,FALSE,TRUE
1292707055,Matthew Flathers,6ikBAoAJ4sv5jxIUPbgTf1,Baddest Motherfucker in the Beehive,,https://mosaic.scdn.co/640/ab67616d00001e0226775783c2fb6384ab7fe1e6ab67616d00001e02450e9f45378bf890d8eb2d7bab67616d00001e02965dc486efcf0d5f45c740e1ab67616d00001e02c6f12950c0baa55f7133b6ed,21,FALSE,TRUE
1292707055,Matthew Flathers,2ikJEQk2dtGtjpffKFDsEh,To Listen To,,https://mosaic.scdn.co/640/ab67616d00001e020c115876a70e1d0efb4385f1ab67616d00001e02783762db2e4c746e24408651ab67616d00001e02aac965b52ad3622bd7da4b16ab67616d00001e02b0e8fbfb987471e285c291cb,14,FALSE,TRUE
1292707055,Matthew Flathers,2WqGJ4kFKXEmgCKlaWnEcn,Reconsidering Secularism,,https://mosaic.scdn.co/640/ab67616d00001e0247f930accd8ac01686401fa2ab67616d00001e0248d891c7e318096c9f178f59ab67616d00001e024a48363421a42aba0274edfcab67616d00001e025a1866190313095228de9f4d,84,FALSE,TRUE
1292707055,Matthew Flathers,3GoLeXla2TJHxuPIw6lfJl,Paroxysm (Jan 23),,https://image-cdn-ak.spotifycdn.com/image/ab67706c0000da8434058a1e4cccf166493d5b5d,89,FALSE,TRUE
1292707055,Matthew Flathers,522PPoioH0IIk9F6vGPZsU,Covid+ (Jan 22),,https://image-cdn-ak.spotifycdn.com/image/ab67706c0000da84aa9a684d0ea7b68429cc8a1f,60,FALSE,TRUE
1292707055,Matthew Flathers,6lYx7ZpnMJWbCiqpzHQwCZ,Drew (Jan 21),,https://image-cdn-ak.spotifycdn.com/image/ab67706c0000da84b3eb909414c112cb5257ab51,47,FALSE,TRUE
1292707055,Matthew Flathers,1jXScEjA8z6MmnKcu4P5Xv,See Me (CME)(Jan 20),,https://image-cdn-ak.spotifycdn.com/image/ab67706c0000da84062abce40277c29a82259bdf,67,FALSE,TRUE
1292707055,Matthew Flathers,2UiX8Gyb5bKkPMe6JzrS7l,Dad Music,,https://image-cdn-ak.spotifycdn.com/image/ab67706c0000da843a2d63740b38cbd79fb9b3a2,55,FALSE,TRUE
1292707055,Matthew Flathers,0mUnAJijNIgPyZwzjyRw9K,Classical Hits,,https://mosaic.scdn.co/640/ab67616d00001e0234ff9e62ad26a736cab0bf09ab67616d00001e025b9dfbb1334c112449981057ab67616d00001e025fbde95caaf1018f9af50f71ab67616d00001e02a12cfbc0103fa2f6a9682836,39,FALSE,TRUE
1292707055,Matthew Flathers,3HeTdB6BBIWnejm5QtyIiL,Dark Pop,,https://mosaic.scdn.co/640/ab67616d00001e0234525e139f6f72a79963650cab67616d00001e023622ab7b05c3bb0e4a93e1c9ab67616d00001e02459032f0de5f7f188301d99bab67616d00001e02b00d1f76a78900f23a4fd216,41,FALSE,TRUE
1292707055,Matthew Flathers,56eT8GOkQ9ZZsgtW0cOd9r,Jungle,,https://mosaic.scdn.co/640/ab67616d00001e02044abb45417b2b039cd7c2a2ab67616d00001e02257def34aa6a929e506d6808ab67616d00001e029c8dd74225a1fb838fa7dca6ab67616d00001e029d6bd2afa2987a69b7b55f72,12,FALSE,TRUE
1292707055,Matthew Flathers,2zXIef1OYAQc6ABPaBT6vM,The Power to Break Bridges,,https://mosaic.scdn.co/640/ab67616d00001e02670f91f937e105b878366cffab67616d00001e026d93156dbaf0c4620b2bbad4ab67616d00001e026fc9e08759a573c76bc0cc53ab67616d00001e0287c95c59b33bdfdafc25a813,22,FALSE,TRUE
1292707055,Matthew Flathers,6XLYC6QtKu9mUT7Jsv7MhM,Slow Neutral Rock,,https://mosaic.scdn.co/640/ab67616d00001e0265681613491711a575686617ab67616d00001e026f2ba946a4e085499ec8e7e5ab67616d00001e02865ed3f31be7a33685f11b53ab67616d00001e02bd0dc80123dd5bb55c01d408,8,FALSE,TRUE
1292707055,Matthew Flathers,7ybqHMjtBGjMkglnrRAJ8O,Matt's Grab Bag,,https://mosaic.scdn.co/640/ab67616d00001e024f1dab8c832d312591947bf9ab67616d00001e026564e103fa54e98ee4118d6eab67616d00001e0270818ea6bbc1e624e695cf8bab67616d00001e02f287ddc78860d806cfcb9166,17,FALSE,TRUE
1292707055,Matthew Flathers,0U8BgkS71f4Hidw11Hl0Zt,Clouds and the Voices That Fill Them,,https://image-cdn-ak.spotifycdn.com/image/ab67706c0000da8474ace4efa2a930dec252be6d,71,FALSE,TRUE
1292707055,Matthew Flathers,71IM6I79R5GI8eVRkMyb8P,Choir Music,,https://mosaic.scdn.co/640/ab67616d00001e024b59a5ba66bc7c0dab4ae382ab67616d00001e0276206bd8de3a477aafd7ba83ab67616d00001e027f49ec19a186736ff30651edab67616d00001e02fff65395af2c8601e78681d9,7,FALSE,TRUE
1292707055,Matthew Flathers,01HWmssqB5u4eathD8rJKJ,Snap! Crackle! Pop!,,https://image-cdn-ak.spotifycdn.com/image/ab67706c0000da84692e159b25d0c8ae26bf4835,29,FALSE,TRUE
1292707055,Matthew Flathers,1lNTcqSiEBeDjbuBQ8dQvB,Bubbles,,https://mosaic.scdn.co/640/ab67616d00001e02a735495a48670b19cd8104b2ab67616d00001e02c3f7f5abcc43a90cb884fff0ab67616d00001e02ec3d15eab5bd77027abc4b23ab67616d00001e02f3a8d3033666a6bbafdfa845,9,FALSE,TRUE
1292707055,Matthew Flathers,30ZuxfStff2XGl2jZarsdJ,good sound tm,,https://mosaic.scdn.co/640/ab67616d00001e022df458c81fb549220ab1f44bab67616d00001e022facdde4209242dd0d750af2ab67616d00001e027a293e6787c6d200c5077cd0ab67616d00001e02e8e18f9f660f35532377c3fd,25,FALSE,TRUE
1292707055,Matthew Flathers,0hQQTZFCLlNyquUSUE9yYA,Humidorable,,https://mosaic.scdn.co/640/ab67616d00001e0203c4f794113255be4038e45dab67616d00001e02157d6d0762e17e7dc1ad5203ab67616d00001e0233733085a70a5fa56623f8eaab67616d00001e024fb043195e8d07e72edc7226,34,TRUE,TRUE
1292707055,Matthew Flathers,1rTRXAV8mEJH12ZxfWxnDb,Black,,https://mosaic.scdn.co/640/ab67616d00001e0206eda68098c2a886a43685a8ab67616d00001e024a82ce6e9774dc5f0ff9289bab67616d00001e02914b51e29be9e71c36f0fdb3ab67616d00001e02a1dc194ff3af1b5c208339e5,15,FALSE,TRUE
1292707055,Matthew Flathers,2ZvmzhveZgfQ67S6YtLoY8,Enya and Her Cats,,https://mosaic.scdn.co/640/ab67616d00001e0277b56ca401a6c40c2079f43bab67616d00001e029469c3ab051994ec802574a6ab67616d00001e02a1113af3a19a41dc8eec534eab67616d00001e02c2b347ff549319d8cdd96e31,21,FALSE,TRUE
1292707055,Matthew Flathers,2obGYQoVnJJTghRYid9BlP,Lifeless Lifelike Companions,,https://image-cdn-ak.spotifycdn.com/image/ab67706c0000da84afc3361147c9bea7097e0cfd,41,FALSE,TRUE
1292707055,Matthew Flathers,7IUd1UklFNpzKXYVuvP73H,Shameless Mainstream,,https://mosaic.scdn.co/640/ab67616d00001e023154f0bdf9a17385d7afc6baab67616d00001e0237fb0680110fbb107740de5dab67616d00001e02569f64493ca55cd96fdee412ab67616d00001e02b5371df75c13182b15ae475f,40,FALSE,TRUE
1292707055,Matthew Flathers,512Cwn3LuBHkYp1Tfa2MGC,Transcendance,,https://mosaic.scdn.co/640/ab67616d00001e021f675e7b8bae408653346dd9ab67616d00001e02b804bbd11f864902d452b3a7ab67616d00001e02bd4a1098dd7c86d8aa4580f5ab67616d00001e02cd3b5853d5cc9f9fdbaa7640,6,FALSE,TRUE
1292707055,Matthew Flathers,6IxklPW3GnYKq32BfS4tot,Turn Back Now ,,https://mosaic.scdn.co/640/ab67616d00001e021375363855778cfdb23b43f2ab67616d00001e02863e0e305637100311c91aa7ab67616d00001e02b48199febabb5212798acc49ab67616d00001e02c8b444df094279e70d0ed856,4,FALSE,TRUE
1292707055,Matthew Flathers,5PFempUDffxezJGpXxdBIS,Endless Scrolling Feels Like Falling,,https://mosaic.scdn.co/640/ab67616d00001e027786f9229b0e5999a65f7165ab67616d00001e02785d4e702802da500fc78b32ab67616d00001e0292f2d790c6a97b195f66d51eab67616d00001e02bde344cc54eedc35050f4c61,28,FALSE,TRUE
1292707055,Matthew Flathers,6UO3Pm59MuSeyalkWWeEsb,Train Windows on Subway Nights,,https://image-cdn-ak.spotifycdn.com/image/ab67706c0000da84840c6468a9170eeb0d5fe6ec,70,FALSE,TRUE
1292707055,Matthew Flathers,04nQ3qt4Zp7jY2vSCWdXK2,Just A Man and His Guitar,,https://mosaic.scdn.co/640/ab67616d00001e021376b4b16f4bfcba02dc571bab67616d00001e0220beb61f61fcbeb33b10a9abab67616d00001e02ba5db46f4b838ef6027e6f96ab67616d00001e02cb681d4647786d21005ae986,51,FALSE,TRUE
1292707055,Matthew Flathers,0mbzEshoGZUAYpbO6WFiq6,German,,https://mosaic.scdn.co/640/ab67616d00001e0227bb88a191c86b5ba5496312ab67616d00001e0235b873bd9952981b185b75a0ab67616d00001e028e7fdb1ab364decb48c219ceab67616d00001e02b11030b32abcfaa097e41be9,6,FALSE,TRUE
1292707055,Matthew Flathers,09wyTq6Bnbldss9bIrIhwb,Call and Response 1/16,,https://mosaic.scdn.co/640/ab67616d00001e0218efdcba94e88ac471bd1a1eab67616d00001e0245951a69fe39a6e163122eabab67616d00001e027ab69ead324ebd9a3b629a63ab67616d00001e02a51620472f83b0c29cd7d603,7,TRUE,TRUE
1292707055,Matthew Flathers,1cDSOIlgibsypiwd8RVqMg,Granola Before Bed,,https://image-cdn-ak.spotifycdn.com/image/ab67706c0000da84b625f54dcc5f5219a0f1eb3b,32,FALSE,TRUE
1292707055,Matthew Flathers,1cDSOIlgibsypiwd8RVqMg,Granola Before Bed,,https://image-cdn-ak.spotifycdn.com/image/ab67706c0000da84b625f54dcc5f5219a0f1eb3b,32,FALSE,TRUE
1292707055,Matthew Flathers,1vf78LyFc1NH9vXH6KQcqD,"Coffee Shop ""Indie""",,https://mosaic.scdn.co/640/ab67616d00001e0209ec47c2a2173e984d8461e9ab67616d00001e026b3b5436a48203e35b89b9baab67616d00001e027af5fdc5ef048a68db62b85fab67616d00001e02a65df73c4011b6a9357c89f0,34,FALSE,TRUE
1292707055,Matthew Flathers,5iz0LJt96P8GEe1fIUUBkk,To You,,https://i.scdn.co/image/ab67616d00001e021af9e8390e2d251b916d9185,3,FALSE,TRUE
1292707055,Matthew Flathers,1FZnj8MdOPX0mxWbcOdXJf,Ummmmm,,https://i.scdn.co/image/ab67616d00001e022710715932a24919f85a4831,2,FALSE,TRUE
1292707055,Matthew Flathers,0zQQClXgE7OijViBUsdvCk,I Wish My Depression Made Me a Sex Icon,,https://mosaic.scdn.co/640/ab67616d00001e0227c371084dee1b83e614798dab67616d00001e027ce9c8e1acc329717f2e4851ab67616d00001e02b1e84f93209f1f49a6ae1e73ab67616d00001e02d12a6f34c53f06fdf180d700,22,FALSE,TRUE
1292707055,Matthew Flathers,11eOTg1spbi8EyIMqGH9CE,Mystery Vibes,,https://image-cdn-ak.spotifycdn.com/image/ab67706c0000da842bae311dc0e2518a9637bcad,44,FALSE,TRUE
1292707055,Matthew Flathers,1pPrbf86hrz5o1lgHwmEXU,Hearthrobbing,A collection of boyband hits.,https://mosaic.scdn.co/640/ab67616d00001e024a5584795dc73860653a9a3eab67616d00001e02647377a36072bd08e44dd32bab67616d00001e02bbf855d448418b346f90fdb8ab67616d00001e02ff2057b7343d2233451ff8e7,39,FALSE,TRUE
1292707055,Matthew Flathers,4E2XPqhDqfp0cvNoojqvGo,Beep Beep Beep,,https://mosaic.scdn.co/640/ab67616d00001e021d7dd5ed03d0a5000c1928ffab67616d00001e02588b07fde7427a6b8e2614feab67616d00001e02d7f5afe93dd997671be4fa25ab67616d00001e02e8d73a8ac0ce78cfd8296fb4,5,FALSE,TRUE
1292707055,Matthew Flathers,6avnGplETSibIcFPPJQaqC,Sky Blue,,https://mosaic.scdn.co/640/ab67616d00001e023287143092c162dbe9d3786dab67616d00001e029bb53efcda2d6fac4422110fab67616d00001e02cee3903e18518154ab1eabc7ab67616d00001e02fabc5e4bc396fa4eb768573a,90,FALSE,TRUE
1292707055,Matthew Flathers,0CY77YpbmmQ4yAEJ8s4JD2,My Kitchen Floor Was Made of Broken Tiles,,https://mosaic.scdn.co/640/ab67616d00001e0249d55e5385c2e21e6fc7bdbcab67616d00001e026958a999cf469d22b1ed6224ab67616d00001e02ef6b8e3464eb5ac09be99c0aab67616d00001e02f7a58da348455480bf248fd5,30,FALSE,TRUE
1292707055,Matthew Flathers,6FvHnPpHwMyqFW0XRxvYVj,Bangers,,https://image-cdn-ak.spotifycdn.com/image/ab67706c0000da8409fb1bd70d9a2f167e07ab89,87,FALSE,TRUE
1292707055,Matthew Flathers,0pkm7hL9CUEFXEYEtjrDa3,Disney ,,https://mosaic.scdn.co/640/ab67616d00001e026ce1c738f8335ec6643eadfdab67616d00001e02d6cfbe6229dc73b8f6773196ab67616d00001e02da96ceef85aba33d1e68b773ab67616d00001e02ea64ccdfa35a32dddeaec8fc,83,FALSE,TRUE
1292707055,Matthew Flathers,1tGsJvnpFCbcp7rxaHNxQi,Male R&B,,https://mosaic.scdn.co/640/ab67616d00001e020cc7fbe25c14d04babf875cfab67616d00001e024f842cd8b03545ed6425e79eab67616d00001e02e75011d2e88763580b278ae1ab67616d00001e02f1814f1b76df2fa196e4f45e,29,FALSE,TRUE
1292707055,Matthew Flathers,78wUNfVboq6nX60ODYaSNr,TeEnAgE gIrLs ArE jUsT mOoDy,,https://mosaic.scdn.co/640/ab67616d00001e0226a2f5224465a369f8abbf88ab67616d00001e023661c01b54e181d01bd439a1ab67616d00001e027061b3d179b8b7363ffe1a50ab67616d00001e0297e971f3e53475091dc8d707,34,FALSE,TRUE
1292707055,Matthew Flathers,5LkOUekljQtfhX0TRPXN8n,Bops,,https://image-cdn-ak.spotifycdn.com/image/ab67706c0000da8467aef07c5e5efe56f775c0b3,67,FALSE,TRUE
1292707055,Matthew Flathers,1Gs12mL9pe8nJlJjX8xSsy,K-Pop,,https://mosaic.scdn.co/640/ab67616d00001e026538b8e1b5c7b2a9d2211769ab67616d00001e028fbcf6544ff02a8959a81781ab67616d00001e02b1d944dd406d5b0e461ad155ab67616d00001e02f97f35cdb3e4a72c83847242,21,FALSE,TRUE
1292707055,Matthew Flathers,5tJPBD0tWZSrlGg2nh6hEH,Female Groove,,https://mosaic.scdn.co/640/ab67616d00001e021fb58426012eeb7361e2070aab67616d00001e0255ebea5c9dbc2baa6f4865cdab67616d00001e0299e5ae5d69afa0dde9fcd5e3ab67616d00001e02b5d9c8de465654c20d77305c,20,FALSE,TRUE
1292707055,Matthew Flathers,5RCtUyop4ZNFfgeFEXLKww,Grey,,https://mosaic.scdn.co/640/ab67616d00001e022ebf129f0db6d0e88372600eab67616d00001e0247638a66b8889d8f211e4effab67616d00001e0290a788beadaad34ff684d3ecab67616d00001e02ce4fbf3a14360ceceed1fc3b,10,FALSE,TRUE
1292707055,Matthew Flathers,3LWRYAzNzUw9hMABdvciQ9,Bathtubs of Secret Tears,,https://mosaic.scdn.co/640/ab67616d00001e0207a1897752cd38db3e9e43f3ab67616d00001e023a9ad390e0635b43ff01d250ab67616d00001e024f00fe6b6ac84730b005f235ab67616d00001e026c6ebdada78816e14c8c071a,16,FALSE,TRUE
1292707055,Matthew Flathers,2eZmC5tF7FyvLNj6Zduqqb,Jams,,https://image-cdn-ak.spotifycdn.com/image/ab67706c0000da840b6ed7eff055baf53f4c04cf,77,FALSE,TRUE
1292707055,Matthew Flathers,5aG2XLBIb9XHTnipViNAAa,Rooftop Bar in the Moonlight,,https://mosaic.scdn.co/640/ab67616d00001e024b5d481ab10d6e84b480c9a2ab67616d00001e025d952bb2522153a1ae365783ab67616d00001e0284c4cebe1981d1d3422bf54fab67616d00001e02ad203d8e45b946ba40f4b71e,58,FALSE,TRUE
1292707055,Matthew Flathers,2y3QBUKvzNsI4XBKZ4hh0m,(June 24),,https://mosaic.scdn.co/640/ab67616d00001e020df57421ce4beba1390345a1ab67616d00001e0281b3ba29ccacb7d1884e4195ab67616d00001e029fb9fda53c3d86f797486ea7ab67616d00001e02e7a1f0c6d378a06a7da428fe,81,FALSE,TRUE
1292707055,Matthew Flathers,1gDluArD3Cj0yK00GncxCD,Exposure (May 24),,https://image-cdn-ak.spotifycdn.com/image/ab67706c0000da84f4c3fb7813b6fbd67365258a,58,FALSE,TRUE
